Workbook

Sheet Cocina C
G2: ANEXO No. 1.
G3: TABLA 1A
G4: Cumplimiento del plan de consumo de energía eléctrica total, mes: | N4: 45658
C5: SERVICIO: COCINA COMEDOR | U5: total | V5: diaria
N6: Plan Pico N | O6: =S6*16.5% -> 3795 | P6: Plan Pico D | Q6: =(S6*8)/100 -> 1840 | R6: PLAN MES | S6: 23000 | T6: Perdidas: | U6: 481 | V6: =U6/31 -> 15.516129
B7: Día | C7: Lectura del contador | J7: Consumo diario kWh y kvarh | N7: Consumo diario Pico nocturno kWh | Q7: Consumo diario pico Diurno kWh | R7: Consumo diario total kWh | U7: Consumo acumulado Pico kWh | X7: Consumo acumulado Total kWh | AB7: Firma Responsable
C8: MAD | D8: DIA | E8: PICO | F8: TOTAL | G8: Pico Diurno 11 am | H8: Pico Diurno 1 pm | I8: REACT | J8: MAD | K8: DIA | L8: PICO | M8: REACT | N8: Plan Pico | O8: Real Pico | P8: Plan - Real | R8: Plan | S8: Real | T8: Plan - Real | U8: Plan Pico | V8: Real Pico | W8: Plan - Real | X8: Plan | Y8: Real | Z8: Plan - Real | AA8: FP
C9: 1 | D9: 2 | E9: 3 | G9: 4 | H9: 5 | I9: 6 | J9: 7 | K9: 8 | L9: 9 | M9: 10 | N9: 11 | O9: 12 | P9: 13 | Q9: 14 | R9: 15 | S9: 16 | T9: 17 | U9: 18 | V9: 19 | W9: 20 | X9: 21 | Y9: 22 | Z9: 23 | AA9: 24 | AB9: 25
B11: 31 | C11: 283661 | D11: 598092 | E11: 145089 | F11: =C11+D11+E11 -> 1026842 | G11: =(C12+D12+E12)+((S11/24)*9.5) -> 1026620.9 | H11: =G11+((K11/12)*2.5) -> 1026635.2 | I11: 718566 | J11: =C11-C12 -> 282 | K11: =D11-D12 -> 69 | L11: =E11-E12 -> 15 | M11: =I11-I12 -> 288 | N11: =N12 -> 122.41935 | O11: =L11 -> 15 | P11: =N11-O11 -> 107.41935 | Q11: =H11-G11 -> 14.375 | R11: =R12 -> 741.93548 | S11: =J11+K11+L11 -> 366 | T11: =R11-S11 -> 375.93548 | U11: =U12+N11 -> 3795 | V11: =V12+O11 -> 2097 | W11: =U11-V11 -> 1698 | X11: =X12+R11 -> 23000 | Y11: =Y12+S11 -> 15343.516 | Z11: =X11-Y11 -> 7656.4839 | AA11: =COS(ATAN(M11/S11)) -> 0.78587108
B12: 30 | C12: =C13+214 -> 283379 | D12: =D13+114 -> 598023 | E12: =E13+10 -> 145074 | F12: =C12+D12+E12 -> 1026476 | G12: =(C13+D13+E13)+((S12/24)*7.5) -> 1026243.6 | H12: =G12+((K12/12)*2.5) -> 1026267.4 | I12: =I13+212 -> 718278 | J12: =C12-C13 -> 214 | K12: =D12-D13 -> 114 | L12: =E12-E13 -> 10 | M12: =I12-I13 -> 212 | N12: =N13 -> 122.41935 | O12: =L12 -> 10 | P12: =N12-O12 -> 112.41935 | Q12: =H12-G12 -> 23.75 | R12: =R13 -> 741.93548 | S12: =J12+K12+L12 -> 338 | T12: =R12-S12 -> 403.93548 | U12: =U13+N12 -> 3672.5806 | V12: =V13+O12 -> 2082 | W12: =U12-V12 -> 1590.5806 | X12: =X13+R12 -> 22258.065 | Y12: =Y13+S12 -> 14977.516 | Z12: =X12-Y12 -> 7280.5484 | AA12: =COS(ATAN(M12/S12)) -> 0.84715238
B13: 29 | C13: =C14+210 -> 283165 | D13: =D14+190 -> 597909 | E13: =E14+8 -> 145064 | F13: =C13+D13+E13 -> 1026138 | G13: =(C14+D14+E14)+((S13/24)*7.5) -> 1025857.5 | H13: =G13+((K13/12)*2.5) -> 1025897.1 | I13: =I14+209 -> 718066 | J13: =C13-C14 -> 210 | K13: =D13-D14 -> 190 | L13: =E13-E14 -> 8 | M13: =I13-I14 -> 209 | N13: =N14 -> 122.41935 | O13: =L13 -> 8 | P13: =N13-O13 -> 114.41935 | Q13: =H13-G13 -> 39.583333 | R13: =R14 -> 741.93548 | S13: =J13+K13+L13 -> 408 | T13: =R13-S13 -> 333.93548 | U13: =U14+N13 -> 3550.1613 | V13: =V14+O13 -> 2072 | W13: =U13-V13 -> 1478.1613 | X13: =X14+R13 -> 21516.129 | Y13: =Y14+S13 -> 14639.516 | Z13: =X13-Y13 -> 6876.6129 | AA13: =COS(ATAN(M13/S13)) -> 0.89002178
B14: 28 | C14: 282955 | D14: 597719 | E14: =144997+59 -> 145056 | F14: =C14+D14+E14 -> 1025730 | G14: =(C15+D15+E15)+((S14/24)*7.5) -> 1025404.8 | H14: =G14+((K14/12)*2.5) -> 1025451.1 | I14: 717857 | J14: =C14-C15 -> 186 | K14: =D14-D15 -> 222 | L14: =E14-E15 -> 65 | M14: =I14-I15 -> 294 | N14: =N15 -> 122.41935 | O14: =L14 -> 65 | P14: =N14-O14 -> 57.419355 | Q14: =H14-G14 -> 46.25 | R14: =R15 -> 741.93548 | S14: =J14+K14+L14 -> 473 | T14: =R14-S14 -> 268.93548 | U14: =U15+N14 -> 3427.7419 | V14: =V15+O14 -> 2064 | W14: =U14-V14 -> 1363.7419 | X14: =X15+R14 -> 20774.194 | Y14: =Y15+S14 -> 14231.516 | Z14: =X14-Y14 -> 6542.6774 | AA14: =COS(ATAN(M14/S14)) -> 0.84930708
B15: 27 | C15: =C16+184 -> 282769 | D15: =D16+220 -> 597497 | E15: =E16+69 -> 144991 | F15: =C15+D15+E15 -> 1025257 | G15: =(C16+D16+E16)+((S15/24)*7.5) -> 1024931.8 | H15: =G15+((K15/12)*2.5) -> 1024977.6 | I15: =I16+296 -> 717563 | J15: =C15-C16 -> 184 | K15: =D15-D16 -> 220 | L15: =E15-E16 -> 69 | M15: =I15-I16 -> 296 | N15: =N16 -> 122.41935 | O15: =L15 -> 69 | P15: =N15-O15 -> 53.419355 | Q15: =H15-G15 -> 45.833333 | R15: =R16 -> 741.93548 | S15: =J15+K15+L15 -> 473 | T15: =R15-S15 -> 268.93548 | U15: =U16+N15 -> 3305.3226 | V15: =V16+O15 -> 1999 | W15: =U15-V15 -> 1306.3226 | X15: =X16+R15 -> 20032.258 | Y15: =Y16+S15 -> 13758.516 | Z15: =X15-Y15 -> 6273.7419 | AA15: =COS(ATAN(M15/S15)) -> 0.84769612
B16: 26 | C16: =C17+191 -> 282585 | D16: =D17+228 -> 597277 | E16: =E17+64 -> 144922 | F16: =C16+D16+E16 -> 1024784 | G16: =(C17+D17+E17)+((S16/24)*7.5) -> 1024451.9 | H16: =G16+((K16/12)*2.5) -> 1024499.4 | I16: =I17+290 -> 717267 | J16: =C16-C17 -> 191 | K16: =D16-D17 -> 228 | L16: =E16-E17 -> 64 | M16: =I16-I17 -> 290 | N16: =N17 -> 122.41935 | O16: =L16 -> 64 | P16: =N16-O16 -> 58.419355 | Q16: =H16-G16 -> 47.5 | R16: =R17 -> 741.93548 | S16: =J16+K16+L16 -> 483 | T16: =R16-S16 -> 258.93548 | U16: =U17+N16 -> 3182.9032 | V16: =V17+O16 -> 1930 | W16: =U16-V16 -> 1252.9032 | X16: =X17+R16 -> 19290.323 | Y16: =Y17+S16 -> 13285.516 | Z16: =X16-Y16 -> 6004.8065 | AA16: =COS(ATAN(M16/S16)) -> 0.85733627
B17: 25 | C17: =C18+189 -> 282394 | D17: =D18+222 -> 597049 | E17: =E18+52 -> 144858 | F17: =C17+D17+E17 -> 1024301 | G17: =(C18+D18+E18)+((S17/24)*7.5) -> 1023982.7 | H17: =G17+((K17/12)*2.5) -> 1024028.9 | I17: =I18+295 -> 716977 | J17: =C17-C18 -> 189 | K17: =D17-D18 -> 222 | L17: =E17-E18 -> 52 | M17: =I17-I18 -> 295 | N17: =N18 -> 122.41935 | O17: =L17 -> 52 | P17: =N17-O17 -> 70.419355 | Q17: =H17-G17 -> 46.25 | R17: =R18 -> 741.93548 | S17: =J17+K17+L17 -> 463 | T17: =R17-S17 -> 278.93548 | U17: =U18+N17 -> 3060.4839 | V17: =V18+O17 -> 1866 | W17: =U17-V17 -> 1194.4839 | X17: =X18+R17 -> 18548.387 | Y17: =Y18+S17 -> 12802.516 | Z17: =X17-Y17 -> 5745.871 | AA17: =COS(ATAN(M17/S17)) -> 0.84336134
B18: 24 | C18: =C19+185 -> 282205 | D18: =D19+219 -> 596827 | E18: =E19+59 -> 144806 | F18: =C18+D18+E18 -> 1023838 | G18: =(C19+D19+E19)+((S18/24)*7.5) -> 1023519.7 | H18: =G18+((K18/12)*2.5) -> 1023565.3 | I18: =I19+291 -> 716682 | J18: =C18-C19 -> 185 | K18: =D18-D19 -> 219 | L18: =E18-E19 -> 59 | M18: =I18-I19 -> 291 | N18: =N19 -> 122.41935 | O18: =L18 -> 59 | P18: =N18-O18 -> 63.419355 | Q18: =H18-G18 -> 45.625 | R18: =R19 -> 741.93548 | S18: =J18+K18+L18 -> 463 | T18: =R18-S18 -> 278.93548 | U18: =U19+N18 -> 2938.0645 | V18: =V19+O18 -> 1814 | W18: =U18-V18 -> 1124.0645 | X18: =X19+R18 -> 17806.452 | Y18: =Y19+S18 -> 12339.516 | Z18: =X18-Y18 -> 5466.9355 | AA18: =COS(ATAN(M18/S18)) -> 0.84666009
B19: 23 | C19: =C20+187 -> 282020 | D19: =D20+210 -> 596608 | E19: =E20+62 -> 144747 | F19: =C19+D19+E19 -> 1023375 | G19: =(C20+D20+E20)+((S19/24)*7.5) -> 1023059.4 | H19: =G19+((K19/12)*2.5) -> 1023103.2 | I19: =I20+293 -> 716391 | J19: =C19-C20 -> 187 | K19: =D19-D20 -> 210 | L19: =E19-E20 -> 62 | M19: =I19-I20 -> 293 | N19: =N20 -> 122.41935 | O19: =L19 -> 62 | P19: =N19-O19 -> 60.419355 | Q19: =H19-G19 -> 43.75 | R19: =R20 -> 741.93548 | S19: =J19+K19+L19 -> 459 | T19: =R19-S19 -> 282.93548 | U19: =U20+N19 -> 2815.6452 | V19: =V20+O19 -> 1755 | W19: =U19-V19 -> 1060.6452 | X19: =X20+R19 -> 17064.516 | Y19: =Y20+S19 -> 11876.516 | Z19: =X19-Y19 -> 5188 | AA19: =COS(ATAN(M19/S19)) -> 0.84290449
B20: 22 | C20: 281833 | D20: 596398 | E20: 144685 | F20: =C20+D20+E20 -> 1022916 | G20: =(C21+D21+E21)+((S20/24)*7.5) -> 1022592.2 | H20: =G20+((K20/12)*2.5) -> 1022635.1 | I20: 716098 | J20: =C20-C21 -> 190 | K20: =D20-D21 -> 206 | L20: =E20-E21 -> 75 | M20: =I20-I21 -> 310 | N20: =N21 -> 122.41935 | O20: =L20 -> 75 | P20: =N20-O20 -> 47.419355 | Q20: =H20-G20 -> 42.916667 | R20: =R21 -> 741.93548 | S20: =J20+K20+L20 -> 471 | T20: =R20-S20 -> 270.93548 | U20: =U21+N20 -> 2693.2258 | V20: =V21+O20 -> 1693 | W20: =U20-V20 -> 1000.2258 | X20: =X21+R20 -> 16322.581 | Y20: =Y21+S20 -> 11417.516 | Z20: =X20-Y20 -> 4905.0645 | AA20: =COS(ATAN(M20/S20)) -> 0.83530992
B21: 21 | C21: =C22+191 -> 281643 | D21: =D22+213 -> 596192 | E21: =E22+70 -> 144610 | F21: =C21+D21+E21 -> 1022445 | G21: =(C22+D22+E22)+((S21/24)*7.5) -> 1022119.1 | H21: =G21+((K21/12)*2.5) -> 1022163.5 | I21: =I22+290 -> 715788 | J21: =C21-C22 -> 191 | K21: =D21-D22 -> 213 | L21: =E21-E22 -> 70 | M21: =I21-I22 -> 290 | N21: =N22 -> 122.41935 | O21: =L21 -> 70 | P21: =N21-O21 -> 52.419355 | Q21: =H21-G21 -> 44.375 | R21: =R22 -> 741.93548 | S21: =J21+K21+L21 -> 474 | T21: =R21-S21 -> 267.93548 | U21: =U22+N21 -> 2570.8065 | V21: =V22+O21 -> 1618 | W21: =U21-V21 -> 952.80645 | X21: =X22+R21 -> 15580.645 | Y21: =Y22+S21 -> 10946.516 | Z21: =X21-Y21 -> 4634.129 | AA21: =COS(ATAN(M21/S21)) -> 0.85301481
B22: 20 | C22: =C23+193 -> 281452 | D22: =D23+214 -> 595979 | E22: =E23+62 -> 144540 | F22: =C22+D22+E22 -> 1021971 | G22: =(C23+D23+E23)+((S22/24)*7.5) -> 1021648.6 | H22: =G22+((K22/12)*2.5) -> 1021693.1 | I22: =I23+304 -> 715498 | J22: =C22-C23 -> 193 | K22: =D22-D23 -> 214 | L22: =E22-E23 -> 62 | M22: =I22-I23 -> 304 | N22: =N23 -> 122.41935 | O22: =L22 -> 62 | P22: =N22-O22 -> 60.419355 | Q22: =H22-G22 -> 44.583333 | R22: =R23 -> 741.93548 | S22: =J22+K22+L22 -> 469 | T22: =R22-S22 -> 272.93548 | U22: =U23+N22 -> 2448.3871 | V22: =V23+O22 -> 1548 | W22: =U22-V22 -> 900.3871 | X22: =X23+R22 -> 14838.71 | Y22: =Y23+S22 -> 10472.516 | Z22: =X22-Y22 -> 4366.1935 | AA22: =COS(ATAN(M22/S22)) -> 0.83913786
B23: 19 | C23: =C24+197 -> 281259 | D23: =D24+211 -> 595765 | E23: =E24+71 -> 144478 | F23: =C23+D23+E23 -> 1021502 | G23: =(C24+D24+E24)+((S23/24)*7.5) -> 1021172.7 | H23: =G23+((K23/12)*2.5) -> 1021216.6 | I23: =I24+302 -> 715194 | J23: =C23-C24 -> 197 | K23: =D23-D24 -> 211 | L23: =E23-E24 -> 71 | M23: =I23-I24 -> 302 | N23: =N24 -> 122.41935 | O23: =L23 -> 71 | P23: =N23-O23 -> 51.419355 | Q23: =H23-G23 -> 43.958333 | R23: =R24 -> 741.93548 | S23: =J23+K23+L23 -> 479 | T23: =R23-S23 -> 262.93548 | U23: =U24+N23 -> 2325.9677 | V23: =V24+O23 -> 1486 | W23: =U23-V23 -> 839.96774 | X23: =X24+R23 -> 14096.774 | Y23: =Y24+S23 -> 10003.516 | Z23: =X23-Y23 -> 4093.2581 | AA23: =COS(ATAN(M23/S23)) -> 0.84590828
B24: 18 | C24: =C25+190 -> 281062 | D24: =D25+210 -> 595554 | E24: =E25+67 -> 144407 | F24: =C24+D24+E24 -> 1021023 | G24: =(C25+D25+E25)+((S24/24)*7.5) -> 1020701.9 | H24: =G24+((K24/12)*2.5) -> 1020745.7 | I24: =I25+307 -> 714892 | J24: =C24-C25 -> 190 | K24: =D24-D25 -> 210 | L24: =E24-E25 -> 67 | M24: =I24-I25 -> 307 | N24: =N25 -> 122.41935 | O24: =L24 -> 67 | P24: =N24-O24 -> 55.419355 | Q24: =H24-G24 -> 43.75 | R24: =R25 -> 741.93548 | S24: =J24+K24+L24 -> 467 | T24: =R24-S24 -> 274.93548 | U24: =U25+N24 -> 2203.5484 | V24: =V25+O24 -> 1415 | W24: =U24-V24 -> 788.54839 | X24: =X25+R24 -> 13354.839 | Y24: =Y25+S24 -> 9524.5161 | Z24: =X24-Y24 -> 3830.3226 | AA24: =COS(ATAN(M24/S24)) -> 0.83561162
B25: 17 | C25: =C26+194 -> 280872 | D25: =D26+212 -> 595344 | E25: =E26+69 -> 144340 | F25: =C25+D25+E25 -> 1020556 | G25: =(C26+D26+E26)+((S25/24)*7.5) -> 1020229.4 | H25: =G25+((K25/12)*2.5) -> 1020273.6 | I25: =I26+301 -> 714585 | J25: =C25-C26 -> 194 | K25: =D25-D26 -> 212 | L25: =E25-E26 -> 69 | M25: =I25-I26 -> 301 | N25: =N26 -> 122.41935 | O25: =L25 -> 69 | P25: =N25-O25 -> 53.419355 | Q25: =H25-G25 -> 44.166667 | R25: =R26 -> 741.93548 | S25: =J25+K25+L25 -> 475 | T25: =R25-S25 -> 266.93548 | U25: =U26+N25 -> 2081.129 | V25: =V26+O25 -> 1348 | W25: =U25-V25 -> 733.12903 | X25: =X26+R25 -> 12612.903 | Y25: =Y26+S25 -> 9057.5161 | Z25: =X25-Y25 -> 3555.3871 | AA25: =COS(ATAN(M25/S25)) -> 0.84468508
B26: 16 | C26: =C27+198 -> 280678 | D26: =D27+215 -> 595132 | E26: =E27+71 -> 144271 | F26: =C26+D26+E26 -> 1020081 | G26: =(C27+D27+E27)+((S26/24)*7.5) -> 1019748.2 | H26: =G26+((K26/12)*2.5) -> 1019793 | I26: =I27+304 -> 714284 | J26: =C26-C27 -> 198 | K26: =D26-D27 -> 215 | L26: =E26-E27 -> 71 | M26: =I26-I27 -> 304 | N26: =N27 -> 122.41935 | O26: =L26 -> 71 | P26: =N26-O26 -> 51.419355 | Q26: =H26-G26 -> 44.791667 | R26: =R27 -> 741.93548 | S26: =J26+K26+L26 -> 484 | T26: =R26-S26 -> 257.93548 | U26: =U27+N26 -> 1958.7097 | V26: =V27+O26 -> 1279 | W26: =U26-V26 -> 679.70968 | X26: =X27+R26 -> 11870.968 | Y26: =Y27+S26 -> 8582.5161 | Z26: =X26-Y26 -> 3288.4516 | AA26: =COS(ATAN(M26/S26)) -> 0.84681668
B27: 15 | C27: =C28+201 -> 280480 | D27: =D28+218 -> 594917 | E27: =E28+73 -> 144200 | F27: =C27+D27+E27 -> 1019597 | G27: =(C28+D28+E28)+((S27/24)*7.5) -> 1019258.8 | H27: =G27+((K27/12)*2.5) -> 1019304.2 | I27: =I28+314 -> 713980 | J27: =C27-C28 -> 201 | K27: =D27-D28 -> 218 | L27: =E27-E28 -> 73 | M27: =I27-I28 -> 314 | N27: =N28 -> 122.41935 | O27: =L27 -> 73 | P27: =N27-O27 -> 49.419355 | Q27: =H27-G27 -> 45.416667 | R27: =R28 -> 741.93548 | S27: =J27+K27+L27 -> 492 | T27: =R27-S27 -> 249.93548 | U27: =U28+N27 -> 1836.2903 | V27: =V28+O27 -> 1208 | W27: =U27-V27 -> 628.29032 | X27: =X28+R27 -> 11129.032 | Y27: =Y28+S27 -> 8098.5161 | Z27: =X27-Y27 -> 3030.5161 | AA27: =COS(ATAN(M27/S27)) -> 0.84295527
B28: 14 | C28: =C29+213 -> 280279 | D28: =D29+327 -> 594699 | E28: =E29+92 -> 144127 | F28: =C28+D28+E28 -> 1019105 | G28: =(C29+D29+E29)+((S28/24)*7.5) -> 1018670.5 | H28: =G28+((K28/12)*2.5) -> 1018738.6 | I28: =I29+385 -> 713666 | J28: =C28-C29 -> 213 | K28: =D28-D29 -> 327 | L28: =E28-E29 -> 92 | M28: =I28-I29 -> 385 | N28: =N29 -> 122.41935 | O28: =L28 -> 92 | P28: =N28-O28 -> 30.419355 | Q28: =H28-G28 -> 68.125 | R28: =R29 -> 741.93548 | S28: =J28+K28+L28 -> 632 | T28: =R28-S28 -> 109.93548 | U28: =U29+N28 -> 1713.871 | V28: =V29+O28 -> 1135 | W28: =U28-V28 -> 578.87097 | X28: =X29+R28 -> 10387.097 | Y28: =Y29+S28 -> 7606.5161 | Z28: =X28-Y28 -> 2780.5806 | AA28: =COS(ATAN(M28/S28)) -> 0.85401585
B29: 13 | C29: 280066 | D29: 594372 | E29: 144035 | F29: =C29+D29+E29 -> 1018473 | G29: =(C30+D30+E30)+((S29/24)*7.5) -> 1018027.5 | H29: =G29+((K29/12)*2.5) -> 1018099.4 | I29: 713281 | J29: =C29-C30 -> 209 | K29: =D29-D30 -> 345 | L29: =E29-E30 -> 94 | M29: =I29-I30 -> 381 | N29: =N30 -> 122.41935 | O29: =L29 -> 94 | P29: =N29-O29 -> 28.419355 | Q29: =H29-G29 -> 71.875 | R29: =R30 -> 741.93548 | S29: =J29+K29+L29 -> 648 | T29: =R29-S29 -> 93.935484 | U29: =U30+N29 -> 1591.4516 | V29: =V30+O29 -> 1043 | W29: =U29-V29 -> 548.45161 | X29: =X30+R29 -> 9645.1613 | Y29: =Y30+S29 -> 6974.5161 | Z29: =X29-Y29 -> 2670.6452 | AA29: =COS(ATAN(M29/S29)) -> 0.86203679
B30: 12 | C30: =C31+207 -> 279857 | D30: =D31+333 -> 594027 | E30: =E31+91 -> 143941 | F30: =C30+D30+E30 -> 1017825 | G30: =(C31+D31+E31)+((S30/24)*7.5) -> 1017391.2 | H30: =G30+((K30/12)*2.5) -> 1017460.6 | I30: =I31+397 -> 712900 | J30: =C30-C31 -> 207 | K30: =D30-D31 -> 333 | L30: =E30-E31 -> 91 | M30: =I30-I31 -> 397 | N30: =N31 -> 122.41935 | O30: =L30 -> 91 | P30: =N30-O30 -> 31.419355 | Q30: =H30-G30 -> 69.375 | R30: =R31 -> 741.93548 | S30: =J30+K30+L30 -> 631 | T30: =R30-S30 -> 110.93548 | U30: =U31+N30 -> 1469.0323 | V30: =V31+O30 -> 949 | W30: =U30-V30 -> 520.03226 | X30: =X31+R30 -> 8903.2258 | Y30: =Y31+S30 -> 6326.5161 | Z30: =X30-Y30 -> 2576.7097 | AA30: =COS(ATAN(M30/S30)) -> 0.84641199
B31: 11 | C31: =C32+203 -> 279650 | D31: =D32+323 -> 593694 | E31: =E32+95 -> 143850 | F31: =C31+D31+E31 -> 1017194 | G31: =(C32+D32+E32)+((S31/24)*7.5) -> 1016767.1 | H31: =G31+((K31/12)*2.5) -> 1016834.4 | I31: =I32+392 -> 712503 | J31: =C31-C32 -> 203 | K31: =D31-D32 -> 323 | L31: =E31-E32 -> 95 | M31: =I31-I32 -> 392 | N31: =N32 -> 122.41935 | O31: =L31 -> 95 | P31: =N31-O31 -> 27.419355 | Q31: =H31-G31 -> 67.291667 | R31: =R32 -> 741.93548 | S31: =J31+K31+L31 -> 621 | T31: =R31-S31 -> 120.93548 | U31: =U32+N31 -> 1346.6129 | V31: =V32+O31 -> 858 | W31: =U31-V31 -> 488.6129 | X31: =X32+R31 -> 8161.2903 | Y31: =Y32+S31 -> 5695.5161 | Z31: =X31-Y31 -> 2465.7742 | AA31: =COS(ATAN(M31/S31)) -> 0.84561831
B32: 10 | C32: =C33+205 -> 279447 | D32: =D33+310 -> 593371 | E32: =E33+91 -> 143755 | F32: =C32+D32+E32 -> 1016573 | G32: =(C33+D33+E33)+((S32/24)*7.5) -> 1016156.4 | H32: =G32+((K32/12)*2.5) -> 1016221 | I32: =I33+377 -> 712111 | J32: =C32-C33 -> 205 | K32: =D32-D33 -> 310 | L32: =E32-E33 -> 91 | M32: =I32-I33 -> 377 | N32: =N33 -> 122.41935 | O32: =L32 -> 91 | P32: =N32-O32 -> 31.419355 | Q32: =H32-G32 -> 64.583333 | R32: =R33 -> 741.93548 | S32: =J32+K32+L32 -> 606 | T32: =R32-S32 -> 135.93548 | U32: =U33+N32 -> 1224.1935 | V32: =V33+O32 -> 763 | W32: =U32-V32 -> 461.19355 | X32: =X33+R32 -> 7419.3548 | Y32: =Y33+S32 -> 5074.5161 | Z32: =X32-Y32 -> 2344.8387 | AA32: =COS(ATAN(M32/S32)) -> 0.8490985
B33: 9 | C33: =C34+201 -> 279242 | D33: =D34+298 -> 593061 | E33: =E34+90 -> 143664 | F33: =C33+D33+E33 -> 1015967 | G33: =(C34+D34+E34)+((S33/24)*7.5) -> 1015562.1 | H33: =G33+((K33/12)*2.5) -> 1015624.1 | I33: =I34+396 -> 711734 | J33: =C33-C34 -> 201 | K33: =D33-D34 -> 298 | L33: =E33-E34 -> 90 | M33: =I33-I34 -> 396 | N33: =N34 -> 122.41935 | O33: =L33 -> 90 | P33: =N33-O33 -> 32.419355 | Q33: =H33-G33 -> 62.083333 | R33: =R34 -> 741.93548 | S33: =J33+K33+L33 -> 589 | T33: =R33-S33 -> 152.93548 | U33: =U34+N33 -> 1101.7742 | V33: =V34+O33 -> 672 | W33: =U33-V33 -> 429.77419 | X33: =X34+R33 -> 6677.4194 | Y33: =Y34+S33 -> 4468.5161 | Z33: =X33-Y33 -> 2208.9032 | AA33: =COS(ATAN(M33/S33)) -> 0.82987631
B34: 8 | C34: =C35+197 -> 279041 | D34: =D35+290 -> 592763 | E34: =E35+87 -> 143574 | F34: =C34+D34+E34 -> 1015378 | G34: =(C35+D35+E35)+((S34/24)*7.5) -> 1014983.4 | H34: =G34+((K34/12)*2.5) -> 1015043.8 | I34: =I35+383 -> 711338 | J34: =C34-C35 -> 197 | K34: =D34-D35 -> 290 | L34: =E34-E35 -> 87 | M34: =I34-I35 -> 383 | N34: =N35 -> 122.41935 | O34: =L34 -> 87 | P34: =N34-O34 -> 35.419355 | Q34: =H34-G34 -> 60.416667 | R34: =R35 -> 741.93548 | S34: =J34+K34+L34 -> 574 | T34: =R34-S34 -> 167.93548 | U34: =U35+N34 -> 979.35484 | V34: =V35+O34 -> 582 | W34: =U34-V34 -> 397.35484 | X34: =X35+R34 -> 5935.4839 | Y34: =Y35+S34 -> 3879.5161 | Z34: =X34-Y34 -> 2055.9677 | AA34: =COS(ATAN(M34/S34)) -> 0.83182728
B35: 7 | C35: 278844 | D35: 592473 | E35: 143487 | F35: =C35+D35+E35 -> 1014804 | G35: =(C36+D36+E36)+((S35/24)*7.5) -> 1014434.8 | H35: =G35+((K35/12)*2.5) -> 1014491.1 | I35: 710955 | J35: =C35-C36 -> 181 | K35: =D35-D36 -> 270 | L35: =E35-E36 -> 86 | M35: =I35-I36 -> 375 | N35: =N36 -> 122.41935 | O35: =L35 -> 86 | P35: =N35-O35 -> 36.419355 | Q35: =H35-G35 -> 56.25 | R35: =R36 -> 741.93548 | S35: =J35+K35+L35 -> 537 | T35: =R35-S35 -> 204.93548 | U35: =U36+N35 -> 856.93548 | V35: =V36+O35 -> 495 | W35: =U35-V35 -> 361.93548 | X35: =X36+R35 -> 5193.5484 | Y35: =Y36+S35 -> 3305.5161 | Z35: =X35-Y35 -> 1888.0323 | AA35: =COS(ATAN(M35/S35)) -> 0.81987695
B36: 6 | C36: =C37+175 -> 278663 | D36: =D37+252 -> 592203 | E36: =E37+84 -> 143401 | F36: =C36+D36+E36 -> 1014267 | G36: =(C37+D37+E37)+((S36/24)*7.5) -> 1013915.7 | H36: =G36+((K36/12)*2.5) -> 1013968.2 | I36: =I37+390 -> 710580 | J36: =C36-C37 -> 175 | K36: =D36-D37 -> 252 | L36: =E36-E37 -> 84 | M36: =I36-I37 -> 390 | N36: =N37 -> 122.41935 | O36: =L36 -> 84 | P36: =N36-O36 -> 38.419355 | Q36: =H36-G36 -> 52.5 | R36: =R37 -> 741.93548 | S36: =J36+K36+L36 -> 511 | T36: =R36-S36 -> 230.93548 | U36: =U37+N36 -> 734.51613 | V36: =V37+O36 -> 409 | W36: =U36-V36 -> 325.51613 | X36: =X37+R36 -> 4451.6129 | Y36: =Y37+S36 -> 2768.5161 | Z36: =X36-Y36 -> 1683.0968 | AA36: =COS(ATAN(M36/S36)) -> 0.7949315
B37: 5 | C37: =C38+159 -> 278488 | D37: =D38+239 -> 591951 | E37: =E38+74 -> 143317 | F37: =C37+D37+E37 -> 1013756 | G37: =(C38+D38+E38)+((S37/24)*7.5) -> 1013431.5 | H37: =G37+((K37/12)*2.5) -> 1013481.3 | I37: =I38+369 -> 710190 | J37: =C37-C38 -> 159 | K37: =D37-D38 -> 239 | L37: =E37-E38 -> 74 | M37: =I37-I38 -> 369 | N37: =N38 -> 122.41935 | O37: =L37 -> 74 | P37: =N37-O37 -> 48.419355 | Q37: =H37-G37 -> 49.791667 | R37: =R38 -> 741.93548 | S37: =J37+K37+L37 -> 472 | T37: =R37-S37 -> 269.93548 | U37: =U38+N37 -> 612.09677 | V37: =V38+O37 -> 325 | W37: =U37-V37 -> 287.09677 | X37: =X38+R37 -> 3709.6774 | Y37: =Y38+S37 -> 2257.5161 | Z37: =X37-Y37 -> 1452.1613 | AA37: =COS(ATAN(M37/S37)) -> 0.78782189
B38: 4 | C38: =C39+153 -> 278329 | D38: =D39+240 -> 591712 | E38: =E39+73 -> 143243 | F38: =C38+D38+E38 -> 1013284 | G38: =(C39+D39+E39)+((S38/24)*7.5) -> 1012963.6 | H38: =G38+((K38/12)*2.5) -> 1013013.6 | I38: =I39+372 -> 709821 | J38: =C38-C39 -> 153 | K38: =D38-D39 -> 240 | L38: =E38-E39 -> 73 | M38: =I38-I39 -> 372 | N38: =N39 -> 122.41935 | O38: =L38 -> 73 | P38: =N38-O38 -> 49.419355 | Q38: =H38-G38 -> 50 | R38: =R39 -> 741.93548 | S38: =J38+K38+L38 -> 466 | T38: =R38-S38 -> 275.93548 | U38: =U39+N38 -> 489.67742 | V38: =V39+O38 -> 251 | W38: =U38-V38 -> 238.67742 | X38: =X39+R38 -> 2967.7419 | Y38: =Y39+S38 -> 1785.5161 | Z38: =X38-Y38 -> 1182.2258 | AA38: =COS(ATAN(M38/S38)) -> 0.78152285
B39: 3 | C39: =C40+157 -> 278176 | D39: =D40+230 -> 591472 | E39: =E40+67 -> 143170 | F39: =C39+D39+E39 -> 1012818 | G39: =(C40+D40+E40)+((S39/24)*7.5) -> 1012505.9 | H39: =G39+((K39/12)*2.5) -> 1012553.8 | I39: =I40+368 -> 709449 | J39: =C39-C40 -> 157 | K39: =D39-D40 -> 230 | L39: =E39-E40 -> 67 | M39: =I39-I40 -> 368 | N39: =N40 -> 122.41935 | O39: =L39 -> 67 | P39: =N39-O39 -> 55.419355 | Q39: =H39-G39 -> 47.916667 | R39: =R40 -> 741.93548 | S39: =J39+K39+L39 -> 454 | T39: =R39-S39 -> 287.93548 | U39: =U40+N39 -> 367.25806 | V39: =V40+O39 -> 178 | W39: =U39-V39 -> 189.25806 | X39: =X40+R39 -> 2225.8065 | Y39: =Y40+S39 -> 1319.5161 | Z39: =X39-Y39 -> 906.29032 | AA39: =COS(ATAN(M39/S39)) -> 0.77684624
B40: 2 | C40: =C41+142 -> 278019 | D40: =D41+227 -> 591242 | E40: =E41+52 -> 143103 | F40: =C40+D40+E40 -> 1012364 | G40: =(C41+D41+E41)+((S40/24)*7.5) -> 1012074.6 | H40: =G40+((K40/12)*2.5) -> 1012121.9 | I40: =I41+339 -> 709081 | J40: =C40-C41 -> 142 | K40: =D40-D41 -> 227 | L40: =E40-E41 -> 52 | M40: =I40-I41 -> 339 | N40: =N41 -> 122.41935 | O40: =L40 -> 52 | P40: =N40-O40 -> 70.419355 | Q40: =H40-G40 -> 47.291667 | R40: =R41 -> 741.93548 | S40: =J40+K40+L40 -> 421 | T40: =R40-S40 -> 320.93548 | U40: =U41+N40 -> 244.83871 | V40: =V41+O40 -> 111 | W40: =U40-V40 -> 133.83871 | X40: =X41+R40 -> 1483.871 | Y40: =Y41+S40 -> 865.51613 | Z40: =X40-Y40 -> 618.35484 | AA40: =COS(ATAN(M40/S40)) -> 0.77887942
B41: 1 | C41: =C42+150 -> 277877 | D41: =D42+220 -> 591015 | E41: =E42+59 -> 143051 | F41: =C41+D41+E41 -> 1011943 | G41: =(C42+D42+E42)+((S41/24)*7.5) -> 1011652.9 | H41: =G41+((K41/12)*2.5) -> 1011698.7 | I41: =I42+334 -> 708742 | J41: =C41-C42 -> 150 | K41: =D41-D42 -> 220 | L41: =E41-E42 -> 59 | M41: =I41-I42 -> 334 | N41: =O6/31 -> 122.41935 | O41: =L41 -> 59 | P41: =N41-O41 -> 63.419355 | Q41: =H41-G41 -> 45.833333 | R41: =S6/31 -> 741.93548 | S41: =J41+K41+L41+V6 -> 444.51613 | T41: =R41-S41 -> 297.41935 | U41: =N41 -> 122.41935 | V41: =O41 -> 59 | W41: =U41-V41 -> 63.419355 | X41: =R41 -> 741.93548 | Y41: =S41 -> 444.51613 | Z41: =X41-Y41 -> 297.41935 | AA41: =COS(ATAN(M41/S41)) -> 0.79947058
B42: cierre mes anterior | C42: 277727 | D42: 590795 | E42: 142992 | F42: 1011514 | G42: 1011272.3 | H42: 1011310.5 | I42: 708408 | M42: =SUM(M11:M41) -> 10158 | AA42: =AVERAGE(AA11:AA41) -> 0.83264467
Z47: Aprobado:
Z48: Ms.C. Jorge Luis García Santana
Z49: Director General
Z50: Universidad Camaguey

Sheet Ciencia A
G2: ANEXO No. 1.
G3: TABLA 1A
G4: Cumplimiento del plan de consumo de energía eléctrica total, mes: | N4: ='Cocina C'!N4 -> 45658
C5: SERVICIO: CIENCIA ANIMAL | U5: total | V5: diaria
N6: Plan Pico N | O6: =S6*16.5% -> 4620 | P6: Plan Pico D | Q6: =(S6*8)/100 -> 2240 | R6: PLAN MES | S6: 28000 | T6: Perdidas: | U6: 1079 | V6: =U6/31 -> 34.806452
B7: Día | C7: Lectura del contador | J7: Consumo diario kWh y kvarh | N7: Consumo diario Pico nocturno kWh | Q7: Consumo diario pico Diurno kWh | R7: Consumo diario total kWh | U7: Consumo acumulado Pico kWh | X7: Consumo acumulado Total kWh | AB7: Firma Responsable
C8: MAD | D8: DIA | E8: PICO | F8: TOTAL | G8: Pico Diurno 11 am | H8: Pico Diurno 1 pm | I8: REACT | J8: MAD | K8: DIA | L8: PICO | M8: REACT | N8: Plan Pico | O8: Real Pico | P8: Plan - Real | R8: Plan | S8: Real | T8: Plan - Real | U8: Plan Pico | V8: Real Pico | W8: Plan - Real | X8: Plan | Y8: Real | Z8: Plan - Real | AA8: FP
C9: 1 | D9: 2 | E9: 3 | G9: 4 | H9: 5 | I9: 6 | J9: 7 | K9: 8 | L9: 9 | M9: 10 | N9: 11 | O9: 12 | P9: 13 | Q9: 14 | R9: 15 | S9: 16 | T9: 17 | U9: 18 | V9: 19 | W9: 20 | X9: 21 | Y9: 22 | Z9: 23 | AA9: 24 | AB9: 25
B11: 31 | C11: 244947 | D11: 538685 | E11: 119674 | F11: =C11+D11+E11 -> 903306 | G11: =(C12+D12+E12)+((S11/24)*9.5) -> 903248.6 | H11: =G11+((K11/12)*2.5) -> 903248.6 | I11: 98988 | J11: =C11-C12 -> 95 | K11: =D11-D12 -> 0 | L11: =E11-E12 -> 0 | M11: =I11-I12 -> 18 | N11: =N12 -> 149.03226 | O11: =L11 -> 0 | P11: =N11-O11 -> 149.03226 | Q11: =H11-G11 -> 0 | R11: =R12 -> 903.22581 | S11: =J11+K11+L11 -> 95 | T11: =R11-S11 -> 808.22581 | U11: =U12+N11 -> 4620 | V11: =V12+O11 -> 1679 | W11: =U11-V11 -> 2941 | X11: =X12+R11 -> 28000 | Y11: =Y12+S11 -> 11473 | Z11: =X11-Y11 -> 16527 | AA11: =COS(ATAN(M11/S11)) -> 0.98251915
B12: 30 | C12: =C13+98 -> 244852 | D12: 538685 | E12: 119674 | F12: =C12+D12+E12 -> 903211 | G12: =(C13+D13+E13)+((S12/24)*3) -> 903125.25 | H12: =G12+((K12/12)*2.5) -> 903125.25 | I12: =I13+21 -> 98970 | J12: =C12-C13 -> 98 | K12: =D12-D13 -> 0 | L12: =E12-E13 -> 0 | M12: =I12-I13 -> 21 | N12: =N13 -> 149.03226 | O12: =L12 -> 0 | P12: =N12-O12 -> 149.03226 | Q12: =H12-G12 -> 0 | R12: =R13 -> 903.22581 | S12: =J12+K12+L12 -> 98 | T12: =R12-S12 -> 805.22581 | U12: =U13+N12 -> 4470.9677 | V12: =V13+O12 -> 1679 | W12: =U12-V12 -> 2791.9677 | X12: =X13+R12 -> 27096.774 | Y12: =Y13+S12 -> 11378 | Z12: =X12-Y12 -> 15718.774 | AA12: =COS(ATAN(M12/S12)) -> 0.97780241
B13: 29 | C13: =C14+102 -> 244754 | D13: 538685 | E13: =E14+34 -> 119674 | F13: =C13+D13+E13 -> 903113 | G13: =(C14+D14+E14)+((S13/24)*3) -> 902926.62 | H13: =G13+((K13/12)*2.5) -> 902942.67 | I13: =I14+23 -> 98949 | J13: =C13-C14 -> 102 | K13: =D13-D14 -> 77 | L13: =E13-E14 -> 34 | M13: =I13-I14 -> 23 | N13: =N14 -> 149.03226 | O13: =L13 -> 34 | P13: =N13-O13 -> 115.03226 | Q13: =H13-G13 -> 16.041667 | R13: =R14 -> 903.22581 | S13: =J13+K13+L13 -> 213 | T13: =R13-S13 -> 690.22581 | U13: =U14+N13 -> 4321.9355 | V13: =V14+O13 -> 1679 | W13: =U13-V13 -> 2642.9355 | X13: =X14+R13 -> 26193.548 | Y13: =Y14+S13 -> 11280 | Z13: =X13-Y13 -> 14913.548 | AA13: =COS(ATAN(M13/S13)) -> 0.99422052
B14: 28 | C14: =C15+216 -> 244652 | D14: =D15+352 -> 538608 | E14: =E15+92 -> 119640 | F14: =C14+D14+E14 -> 902900 | G14: =(C15+D15+E15)+((S14/24)*3) -> 902322.5 | H14: =G14+((K14/12)*2.5) -> 902395.83 | I14: =I15+68 -> 98926 | J14: =C14-C15 -> 216 | K14: =D14-D15 -> 352 | L14: =E14-E15 -> 92 | M14: =I14-I15 -> 68 | N14: =N15 -> 149.03226 | O14: =L14 -> 92 | P14: =N14-O14 -> 57.032258 | Q14: =H14-G14 -> 73.333333 | R14: =R15 -> 903.22581 | S14: =J14+K14+L14 -> 660 | T14: =R14-S14 -> 243.22581 | U14: =U15+N14 -> 4172.9032 | V14: =V15+O14 -> 1645 | W14: =U14-V14 -> 2527.9032 | X14: =X15+R14 -> 25290.323 | Y14: =Y15+S14 -> 11067 | Z14: =X14-Y14 -> 14223.323 | AA14: =COS(ATAN(M14/S14)) -> 0.99473426
B15: 27 | C15: 244436 | D15: 538256 | E15: 119548 | F15: =C15+D15+E15 -> 902240 | G15: =(C16+D16+E16)+((S15/24)*3) -> 901656.38 | H15: =G15+((K15/12)*2.5) -> 901732.62 | I15: 98858 | J15: =C15-C16 -> 208 | K15: =D15-D16 -> 366 | L15: =E15-E16 -> 93 | M15: =I15-I16 -> 67 | N15: =N16 -> 149.03226 | O15: =L15 -> 93 | P15: =N15-O15 -> 56.032258 | Q15: =H15-G15 -> 76.25 | R15: =R16 -> 903.22581 | S15: =J15+K15+L15 -> 667 | T15: =R15-S15 -> 236.22581 | U15: =U16+N15 -> 4023.871 | V15: =V16+O15 -> 1553 | W15: =U15-V15 -> 2470.871 | X15: =X16+R15 -> 24387.097 | Y15: =Y16+S15 -> 10407 | Z15: =X15-Y15 -> 13980.097 | AA15: =COS(ATAN(M15/S15)) -> 0.99499278
B16: 26 | C16: =C17+209 -> 244228 | D16: =D17+335 -> 537890 | E16: =E17+90 -> 119455 | F16: =C16+D16+E16 -> 901573 | G16: =(C17+D17+E17)+((S16/24)*3) -> 901018.25 | H16: =G16+((K16/12)*2.5) -> 901088.04 | I16: =I17+62 -> 98791 | J16: =C16-C17 -> 209 | K16: =D16-D17 -> 335 | L16: =E16-E17 -> 90 | M16: =I16-I17 -> 62 | N16: =N17 -> 149.03226 | O16: =L16 -> 90 | P16: =N16-O16 -> 59.032258 | Q16: =H16-G16 -> 69.791667 | R16: =R17 -> 903.22581 | S16: =J16+K16+L16 -> 634 | T16: =R16-S16 -> 269.22581 | U16: =U17+N16 -> 3874.8387 | V16: =V17+O16 -> 1460 | W16: =U16-V16 -> 2414.8387 | X16: =X17+R16 -> 23483.871 | Y16: =Y17+S16 -> 9740 | Z16: =X16-Y16 -> 13743.871 | AA16: =COS(ATAN(M16/S16)) -> 0.99525241
B17: 25 | C17: =C18+205 -> 244019 | D17: =D18+305 -> 537555 | E17: =E18+88 -> 119365 | F17: =C17+D17+E17 -> 900939 | G17: =(C18+D18+E18)+((S17/24)*3) -> 900415.75 | H17: =G17+((K17/12)*2.5) -> 900479.29 | I17: =I18+65 -> 98729 | J17: =C17-C18 -> 205 | K17: =D17-D18 -> 305 | L17: =E17-E18 -> 88 | M17: =I17-I18 -> 65 | N17: =N18 -> 149.03226 | O17: =L17 -> 88 | P17: =N17-O17 -> 61.032258 | Q17: =H17-G17 -> 63.541667 | R17: =R18 -> 903.22581 | S17: =J17+K17+L17 -> 598 | T17: =R17-S17 -> 305.22581 | U17: =U18+N17 -> 3725.8065 | V17: =V18+O17 -> 1370 | W17: =U17-V17 -> 2355.8065 | X17: =X18+R17 -> 22580.645 | Y17: =Y18+S17 -> 9106 | Z17: =X17-Y17 -> 13474.645 | AA17: =COS(ATAN(M17/S17)) -> 0.99414446
B18: 24 | C18: =C19+203 -> 243814 | D18: =D19+290 -> 537250 | E18: =E19+83 -> 119277 | F18: =C18+D18+E18 -> 900341 | G18: =(C19+D19+E19)+((S18/24)*3) -> 899837 | H18: =G18+((K18/12)*2.5) -> 899897.42 | I18: =I19+60 -> 98664 | J18: =C18-C19 -> 203 | K18: =D18-D19 -> 290 | L18: =E18-E19 -> 83 | M18: =I18-I19 -> 60 | N18: =N19 -> 149.03226 | O18: =L18 -> 83 | P18: =N18-O18 -> 66.032258 | Q18: =H18-G18 -> 60.416667 | R18: =R19 -> 903.22581 | S18: =J18+K18+L18 -> 576 | T18: =R18-S18 -> 327.22581 | U18: =U19+N18 -> 3576.7742 | V18: =V19+O18 -> 1282 | W18: =U18-V18 -> 2294.7742 | X18: =X19+R18 -> 21677.419 | Y18: =Y19+S18 -> 8508 | Z18: =X18-Y18 -> 13169.419 | AA18: =COS(ATAN(M18/S18)) -> 0.99461841
B19: 23 | C19: =C20+190 -> 243611 | D19: =D20+210 -> 536960 | E19: =E20+76 -> 119194 | F19: =C19+D19+E19 -> 899765 | G19: =(C20+D20+E20)+((S19/24)*3) -> 899348.5 | H19: =G19+((K19/12)*2.5) -> 899392.25 | I19: =I20+51 -> 98604 | J19: =C19-C20 -> 190 | K19: =D19-D20 -> 210 | L19: =E19-E20 -> 76 | M19: =I19-I20 -> 51 | N19: =N20 -> 149.03226 | O19: =L19 -> 76 | P19: =N19-O19 -> 73.032258 | Q19: =H19-G19 -> 43.75 | R19: =R20 -> 903.22581 | S19: =J19+K19+L19 -> 476 | T19: =R19-S19 -> 427.22581 | U19: =U20+N19 -> 3427.7419 | V19: =V20+O19 -> 1199 | W19: =U19-V19 -> 2228.7419 | X19: =X20+R19 -> 20774.194 | Y19: =Y20+S19 -> 7932 | Z19: =X19-Y19 -> 12842.194 | AA19: =COS(ATAN(M19/S19)) -> 0.99430915
B20: 22 | C20: 243421 | D20: 536750 | E20: 119118 | F20: =C20+D20+E20 -> 899289 | G20: =(C21+D21+E21)+((S20/24)*3) -> 899026.5 | H20: =G20+((K20/12)*2.5) -> 899054.83 | I20: 98553 | J20: =C20-C21 -> 110 | K20: =D20-D21 -> 136 | L20: =E20-E21 -> 54 | M20: =I20-I21 -> 29 | N20: =N21 -> 149.03226 | O20: =L20 -> 54 | P20: =N20-O20 -> 95.032258 | Q20: =H20-G20 -> 28.333333 | R20: =R21 -> 903.22581 | S20: =J20+K20+L20 -> 300 | T20: =R20-S20 -> 603.22581 | U20: =U21+N20 -> 3278.7097 | V20: =V21+O20 -> 1123 | W20: =U20-V20 -> 2155.7097 | X20: =X21+R20 -> 19870.968 | Y20: =Y21+S20 -> 7456 | Z20: =X20-Y20 -> 12414.968 | AA20: =COS(ATAN(M20/S20)) -> 0.99536027
B21: 21 | C21: =C22+108 -> 243311 | D21: =D22+133 -> 536614 | E21: =E22+47 -> 119064 | F21: =C21+D21+E21 -> 898989 | G21: =(C22+D22+E22)+((S21/24)*3) -> 898737 | H21: =G21+((K21/12)*2.5) -> 898764.71 | I21: =I22+32 -> 98524 | J21: =C21-C22 -> 108 | K21: =D21-D22 -> 133 | L21: =E21-E22 -> 47 | M21: =I21-I22 -> 32 | N21: =N22 -> 149.03226 | O21: =L21 -> 47 | P21: =N21-O21 -> 102.03226 | Q21: =H21-G21 -> 27.708333 | R21: =R22 -> 903.22581 | S21: =J21+K21+L21 -> 288 | T21: =R21-S21 -> 615.22581 | U21: =U22+N21 -> 3129.6774 | V21: =V22+O21 -> 1069 | W21: =U21-V21 -> 2060.6774 | X21: =X22+R21 -> 18967.742 | Y21: =Y22+S21 -> 7156 | Z21: =X21-Y21 -> 11811.742 | AA21: =COS(ATAN(M21/S21)) -> 0.99388373
B22: 20 | C22: =C23+109 -> 243203 | D22: =D23+132 -> 536481 | E22: =E23+50 -> 119017 | F22: =C22+D22+E22 -> 898701 | G22: =(C23+D23+E23)+((S22/24)*3) -> 898446.38 | H22: =G22+((K22/12)*2.5) -> 898473.88 | I22: =I23+33 -> 98492 | J22: =C22-C23 -> 109 | K22: =D22-D23 -> 132 | L22: =E22-E23 -> 50 | M22: =I22-I23 -> 33 | N22: =N23 -> 149.03226 | O22: =L22 -> 50 | P22: =N22-O22 -> 99.032258 | Q22: =H22-G22 -> 27.5 | R22: =R23 -> 903.22581 | S22: =J22+K22+L22 -> 291 | T22: =R22-S22 -> 612.22581 | U22: =U23+N22 -> 2980.6452 | V22: =V23+O22 -> 1022 | W22: =U22-V22 -> 1958.6452 | X22: =X23+R22 -> 18064.516 | Y22: =Y23+S22 -> 6868 | Z22: =X22-Y22 -> 11196.516 | AA22: =COS(ATAN(M22/S22)) -> 0.99363135
B23: 19 | C23: =C24+103 -> 243094 | D23: =D24+129 -> 536349 | E23: =E24+53 -> 118967 | F23: =C23+D23+E23 -> 898410 | G23: =(C24+D24+E24)+((S23/24)*3) -> 898160.62 | H23: =G23+((K23/12)*2.5) -> 898187.5 | I23: =I24+28 -> 98459 | J23: =C23-C24 -> 103 | K23: =D23-D24 -> 129 | L23: =E23-E24 -> 53 | M23: =I23-I24 -> 28 | N23: =N24 -> 149.03226 | O23: =L23 -> 53 | P23: =N23-O23 -> 96.032258 | Q23: =H23-G23 -> 26.875 | R23: =R24 -> 903.22581 | S23: =J23+K23+L23 -> 285 | T23: =R23-S23 -> 618.22581 | U23: =U24+N23 -> 2831.6129 | V23: =V24+O23 -> 972 | W23: =U23-V23 -> 1859.6129 | X23: =X24+R23 -> 17161.29 | Y23: =Y24+S23 -> 6577 | Z23: =X23-Y23 -> 10584.29 | AA23: =COS(ATAN(M23/S23)) -> 0.99520856
B24: 18 | C24: =C25+107 -> 242991 | D24: =D25+127 -> 536220 | E24: =E25+46 -> 118914 | F24: =C24+D24+E24 -> 898125 | G24: =(C25+D25+E25)+((S24/24)*3) -> 897880 | H24: =G24+((K24/12)*2.5) -> 897906.46 | I24: =I25+30 -> 98431 | J24: =C24-C25 -> 107 | K24: =D24-D25 -> 127 | L24: =E24-E25 -> 46 | M24: =I24-I25 -> 30 | N24: =N25 -> 149.03226 | O24: =L24 -> 46 | P24: =N24-O24 -> 103.03226 | Q24: =H24-G24 -> 26.458333 | R24: =R25 -> 903.22581 | S24: =J24+K24+L24 -> 280 | T24: =R24-S24 -> 623.22581 | U24: =U25+N24 -> 2682.5806 | V24: =V25+O24 -> 919 | W24: =U24-V24 -> 1763.5806 | X24: =X25+R24 -> 16258.065 | Y24: =Y25+S24 -> 6292 | Z24: =X24-Y24 -> 9966.0645 | AA24: =COS(ATAN(M24/S24)) -> 0.99430915
B25: 17 | C25: =C26+106 -> 242884 | D25: =D26+133 -> 536093 | E25: =E26+49 -> 118868 | F25: =C25+D25+E25 -> 897845 | G25: =(C26+D26+E26)+((S25/24)*3) -> 897593 | H25: =G25+((K25/12)*2.5) -> 897620.71 | I25: =I26+32 -> 98401 | J25: =C25-C26 -> 106 | K25: =D25-D26 -> 133 | L25: =E25-E26 -> 49 | M25: =I25-I26 -> 32 | N25: =N26 -> 149.03226 | O25: =L25 -> 49 | P25: =N25-O25 -> 100.03226 | Q25: =H25-G25 -> 27.708333 | R25: =R26 -> 903.22581 | S25: =J25+K25+L25 -> 288 | T25: =R25-S25 -> 615.22581 | U25: =U26+N25 -> 2533.5484 | V25: =V26+O25 -> 873 | W25: =U25-V25 -> 1660.5484 | X25: =X26+R25 -> 15354.839 | Y25: =Y26+S25 -> 6012 | Z25: =X25-Y25 -> 9342.8387 | AA25: =COS(ATAN(M25/S25)) -> 0.99388373
B26: 16 | C26: =C27+102 -> 242778 | D26: =D27+130 -> 535960 | E26: =E27+44 -> 118819 | F26: =C26+D26+E26 -> 897557 | G26: =(C27+D27+E27)+((S26/24)*3) -> 897315.5 | H26: =G26+((K26/12)*2.5) -> 897342.58 | I26: =I27+31 -> 98369 | J26: =C26-C27 -> 102 | K26: =D26-D27 -> 130 | L26: =E26-E27 -> 44 | M26: =I26-I27 -> 31 | N26: =N27 -> 149.03226 | O26: =L26 -> 44 | P26: =N26-O26 -> 105.03226 | Q26: =H26-G26 -> 27.083333 | R26: =R27 -> 903.22581 | S26: =J26+K26+L26 -> 276 | T26: =R26-S26 -> 627.22581 | U26: =U27+N26 -> 2384.5161 | V26: =V27+O26 -> 824 | W26: =U26-V26 -> 1560.5161 | X26: =X27+R26 -> 14451.613 | Y26: =Y27+S26 -> 5724 | Z26: =X26-Y26 -> 8727.6129 | AA26: =COS(ATAN(M26/S26)) -> 0.9937513
B27: 15 | C27: =C28+110 -> 242676 | D27: =D28+151 -> 535830 | E27: =E28+48 -> 118775 | F27: =C27+D27+E27 -> 897281 | G27: =(C28+D28+E28)+((S27/24)*3) -> 897010.62 | H27: =G27+((K27/12)*2.5) -> 897042.08 | I27: =I28+42 -> 98338 | J27: =C27-C28 -> 110 | K27: =D27-D28 -> 151 | L27: =E27-E28 -> 48 | M27: =I27-I28 -> 42 | N27: =N28 -> 149.03226 | O27: =L27 -> 48 | P27: =N27-O27 -> 101.03226 | Q27: =H27-G27 -> 31.458333 | R27: =R28 -> 903.22581 | S27: =J27+K27+L27 -> 309 | T27: =R27-S27 -> 594.22581 | U27: =U28+N27 -> 2235.4839 | V27: =V28+O27 -> 780 | W27: =U27-V27 -> 1455.4839 | X27: =X28+R27 -> 13548.387 | Y27: =Y28+S27 -> 5448 | Z27: =X27-Y27 -> 8100.3871 | AA27: =COS(ATAN(M27/S27)) -> 0.99088862
B28: 14 | C28: =C29+120 -> 242566 | D28: =D29+227 -> 535679 | E28: =E29+50 -> 118727 | F28: =C28+D28+E28 -> 896972 | G28: =(C29+D29+E29)+((S28/24)*3) -> 896624.62 | H28: =G28+((K28/12)*2.5) -> 896671.92 | I28: =I29+45 -> 98296 | J28: =C28-C29 -> 120 | K28: =D28-D29 -> 227 | L28: =E28-E29 -> 50 | M28: =I28-I29 -> 45 | N28: =N29 -> 149.03226 | O28: =L28 -> 50 | P28: =N28-O28 -> 99.032258 | Q28: =H28-G28 -> 47.291667 | R28: =R29 -> 903.22581 | S28: =J28+K28+L28 -> 397 | T28: =R28-S28 -> 506.22581 | U28: =U29+N28 -> 2086.4516 | V28: =V29+O28 -> 732 | W28: =U28-V28 -> 1354.4516 | X28: =X29+R28 -> 12645.161 | Y28: =Y29+S28 -> 5139 | Z28: =X28-Y28 -> 7506.1613 | AA28: =COS(ATAN(M28/S28)) -> 0.99363712
B29: 13 | C29: 242446 | D29: 535452 | E29: 118677 | F29: =C29+D29+E29 -> 896575 | G29: =(C30+D30+E30)+((S29/24)*3) -> 896216.25 | H29: =G29+((K29/12)*2.5) -> 896267.29 | I29: 98251 | J29: =C29-C30 -> 118 | K29: =D29-D30 -> 245 | L29: =E29-E30 -> 47 | M29: =I29-I30 -> 57 | N29: =N30 -> 149.03226 | O29: =L29 -> 47 | P29: =N29-O29 -> 102.03226 | Q29: =H29-G29 -> 51.041667 | R29: =R30 -> 903.22581 | S29: =J29+K29+L29 -> 410 | T29: =R29-S29 -> 493.22581 | U29: =U30+N29 -> 1937.4194 | V29: =V30+O29 -> 682 | W29: =U29-V29 -> 1255.4194 | X29: =X30+R29 -> 11741.935 | Y29: =Y30+S29 -> 4742 | Z29: =X29-Y29 -> 6999.9355 | AA29: =COS(ATAN(M29/S29)) -> 0.99047398
B30: 12 | C30: =C31+115 -> 242328 | D30: =D31+249 -> 535207 | E30: =E31+53 -> 118630 | F30: =C30+D30+E30 -> 896165 | G30: =(C31+D31+E31)+((S30/24)*3) -> 895800.12 | H30: =G30+((K30/12)*2.5) -> 895852 | I30: =I31+51 -> 98194 | J30: =C30-C31 -> 115 | K30: =D30-D31 -> 249 | L30: =E30-E31 -> 53 | M30: =I30-I31 -> 51 | N30: =N31 -> 149.03226 | O30: =L30 -> 53 | P30: =N30-O30 -> 96.032258 | Q30: =H30-G30 -> 51.875 | R30: =R31 -> 903.22581 | S30: =J30+K30+L30 -> 417 | T30: =R30-S30 -> 486.22581 | U30: =U31+N30 -> 1788.3871 | V30: =V31+O30 -> 635 | W30: =U30-V30 -> 1153.3871 | X30: =X31+R30 -> 10838.71 | Y30: =Y31+S30 -> 4332 | Z30: =X30-Y30 -> 6506.7097 | AA30: =COS(ATAN(M30/S30)) -> 0.99260396
B31: 11 | C31: =C32+111 -> 242213 | D31: =D32+222 -> 534958 | E31: =E32+50 -> 118577 | F31: =C31+D31+E31 -> 895748 | G31: =(C32+D32+E32)+((S31/24)*3) -> 895412.88 | H31: =G31+((K31/12)*2.5) -> 895459.12 | I31: =I32+46 -> 98143 | J31: =C31-C32 -> 111 | K31: =D31-D32 -> 222 | L31: =E31-E32 -> 50 | M31: =I31-I32 -> 46 | N31: =N32 -> 149.03226 | O31: =L31 -> 50 | P31: =N31-O31 -> 99.032258 | Q31: =H31-G31 -> 46.25 | R31: =R32 -> 903.22581 | S31: =J31+K31+L31 -> 383 | T31: =R31-S31 -> 520.22581 | U31: =U32+N31 -> 1639.3548 | V31: =V32+O31 -> 582 | W31: =U31-V31 -> 1057.3548 | X31: =X32+R31 -> 9935.4839 | Y31: =Y32+S31 -> 3915 | Z31: =X31-Y31 -> 6020.4839 | AA31: =COS(ATAN(M31/S31)) -> 0.99286457
B32: 10 | C32: =C33+109 -> 242102 | D32: =D33+217 -> 534736 | E32: =E33+52 -> 118527 | F32: =C32+D32+E32 -> 895365 | G32: =(C33+D33+E33)+((S32/24)*3) -> 895034.25 | H32: =G32+((K32/12)*2.5) -> 895079.46 | I32: =I33+44 -> 98097 | J32: =C32-C33 -> 109 | K32: =D32-D33 -> 217 | L32: =E32-E33 -> 52 | M32: =I32-I33 -> 44 | N32: =N33 -> 149.03226 | O32: =L32 -> 52 | P32: =N32-O32 -> 97.032258 | Q32: =H32-G32 -> 45.208333 | R32: =R33 -> 903.22581 | S32: =J32+K32+L32 -> 378 | T32: =R32-S32 -> 525.22581 | U32: =U33+N32 -> 1490.3226 | V32: =V33+O32 -> 532 | W32: =U32-V32 -> 958.32258 | X32: =X33+R32 -> 9032.2581 | Y32: =Y33+S32 -> 3532 | Z32: =X32-Y32 -> 5500.2581 | AA32: =COS(ATAN(M32/S32)) -> 0.99329335
B33: 9 | C33: =C34+117 -> 241993 | D33: =D34+210 -> 534519 | E33: =E34+54 -> 118475 | F33: =C33+D33+E33 -> 894987 | G33: =(C34+D34+E34)+((S33/24)*3) -> 894653.62 | H33: =G33+((K33/12)*2.5) -> 894697.38 | I33: =I34+41 -> 98053 | J33: =C33-C34 -> 117 | K33: =D33-D34 -> 210 | L33: =E33-E34 -> 54 | M33: =I33-I34 -> 41 | N33: =N34 -> 149.03226 | O33: =L33 -> 54 | P33: =N33-O33 -> 95.032258 | Q33: =H33-G33 -> 43.75 | R33: =R34 -> 903.22581 | S33: =J33+K33+L33 -> 381 | T33: =R33-S33 -> 522.22581 | U33: =U34+N33 -> 1341.2903 | V33: =V34+O33 -> 480 | W33: =U33-V33 -> 861.29032 | X33: =X34+R33 -> 8129.0323 | Y33: =Y34+S33 -> 3154 | Z33: =X33-Y33 -> 4975.0323 | AA33: =COS(ATAN(M33/S33)) -> 0.99425969
B34: 8 | C34: =C35+113 -> 241876 | D34: =D35+190 -> 534309 | E34: =E35+51 -> 118421 | F34: =C34+D34+E34 -> 894606 | G34: =(C35+D35+E35)+((S34/24)*3) -> 894296.25 | H34: =G34+((K34/12)*2.5) -> 894335.83 | I34: =I35+38 -> 98012 | J34: =C34-C35 -> 113 | K34: =D34-D35 -> 190 | L34: =E34-E35 -> 51 | M34: =I34-I35 -> 38 | N34: =N35 -> 149.03226 | O34: =L34 -> 51 | P34: =N34-O34 -> 98.032258 | Q34: =H34-G34 -> 39.583333 | R34: =R35 -> 903.22581 | S34: =J34+K34+L34 -> 354 | T34: =R34-S34 -> 549.22581 | U34: =U35+N34 -> 1192.2581 | V34: =V35+O34 -> 426 | W34: =U34-V34 -> 766.25806 | X34: =X35+R34 -> 7225.8065 | Y34: =Y35+S34 -> 2773 | Z34: =X34-Y34 -> 4452.8065 | AA34: =COS(ATAN(M34/S34)) -> 0.99428788
B35: 7 | C35: 241763 | D35: 534119 | E35: 118370 | F35: =C35+D35+E35 -> 894252 | G35: =(C36+D36+E36)+((S35/24)*3) -> 893930 | H35: =G35+((K35/12)*2.5) -> 893967.71 | I35: 97974 | J35: =C35-C36 -> 122 | K35: =D35-D36 -> 181 | L35: =E35-E36 -> 65 | M35: =I35-I36 -> 19 | N35: =N36 -> 149.03226 | O35: =L35 -> 65 | P35: =N35-O35 -> 84.032258 | Q35: =H35-G35 -> 37.708333 | R35: =R36 -> 903.22581 | S35: =J35+K35+L35 -> 368 | T35: =R35-S35 -> 535.22581 | U35: =U36+N35 -> 1043.2258 | V35: =V36+O35 -> 375 | W35: =U35-V35 -> 668.22581 | X35: =X36+R35 -> 6322.5806 | Y35: =Y36+S35 -> 2419 | Z35: =X35-Y35 -> 3903.5806 | AA35: =COS(ATAN(M35/S35)) -> 0.99866981
B36: 6 | C36: =C37+118 -> 241641 | D36: =D37+177 -> 533938 | E36: =E37+63 -> 118305 | F36: =C36+D36+E36 -> 893884 | G36: =(C37+D37+E37)+((S36/24)*3) -> 893570.75 | H36: =G36+((K36/12)*2.5) -> 893607.62 | I36: =I37+17 -> 97955 | J36: =C36-C37 -> 118 | K36: =D36-D37 -> 177 | L36: =E36-E37 -> 63 | M36: =I36-I37 -> 17 | N36: =N37 -> 149.03226 | O36: =L36 -> 63 | P36: =N36-O36 -> 86.032258 | Q36: =H36-G36 -> 36.875 | R36: =R37 -> 903.22581 | S36: =J36+K36+L36 -> 358 | T36: =R36-S36 -> 545.22581 | U36: =U37+N36 -> 894.19355 | V36: =V37+O36 -> 310 | W36: =U36-V36 -> 584.19355 | X36: =X37+R36 -> 5419.3548 | Y36: =Y37+S36 -> 2051 | Z36: =X36-Y36 -> 3368.3548 | AA36: =COS(ATAN(M36/S36)) -> 0.99887444
B37: 5 | C37: =C38+118 -> 241523 | D37: =D38+179 -> 533761 | E37: =E38+59 -> 118242 | F37: =C37+D37+E37 -> 893526 | G37: =(C38+D38+E38)+((S37/24)*3) -> 893214.5 | H37: =G37+((K37/12)*2.5) -> 893251.79 | I37: =I38+19 -> 97938 | J37: =C37-C38 -> 118 | K37: =D37-D38 -> 179 | L37: =E37-E38 -> 59 | M37: =I37-I38 -> 19 | N37: =N38 -> 149.03226 | O37: =L37 -> 59 | P37: =N37-O37 -> 90.032258 | Q37: =H37-G37 -> 37.291667 | R37: =R38 -> 903.22581 | S37: =J37+K37+L37 -> 356 | T37: =R37-S37 -> 547.22581 | U37: =U38+N37 -> 745.16129 | V37: =V38+O37 -> 247 | W37: =U37-V37 -> 498.16129 | X37: =X38+R37 -> 4516.129 | Y37: =Y38+S37 -> 1693 | Z37: =X37-Y37 -> 2823.129 | AA37: =COS(ATAN(M37/S37)) -> 0.99857881
B38: 4 | C38: =C39+118 -> 241405 | D38: =D39+175 -> 533582 | E38: =E39+56 -> 118183 | F38: =C38+D38+E38 -> 893170 | G38: =(C39+D39+E39)+((S38/24)*3) -> 892864.62 | H38: =G38+((K38/12)*2.5) -> 892901.08 | I38: =I39+17 -> 97919 | J38: =C38-C39 -> 118 | K38: =D38-D39 -> 175 | L38: =E38-E39 -> 56 | M38: =I38-I39 -> 17 | N38: =N39 -> 149.03226 | O38: =L38 -> 56 | P38: =N38-O38 -> 93.032258 | Q38: =H38-G38 -> 36.458333 | R38: =R39 -> 903.22581 | S38: =J38+K38+L38 -> 349 | T38: =R38-S38 -> 554.22581 | U38: =U39+N38 -> 596.12903 | V38: =V39+O38 -> 188 | W38: =U38-V38 -> 408.12903 | X38: =X39+R38 -> 3612.9032 | Y38: =Y39+S38 -> 1337 | Z38: =X38-Y38 -> 2275.9032 | AA38: =COS(ATAN(M38/S38)) -> 0.99881575
B39: 3 | C39: =C40+118 -> 241287 | D39: =D40+170 -> 533407 | E39: =E40+48 -> 118127 | F39: =C39+D39+E39 -> 892821 | G39: =(C40+D40+E40)+((S39/24)*3) -> 892527 | H39: =G39+((K39/12)*2.5) -> 892562.42 | I39: =I40+15 -> 97902 | J39: =C39-C40 -> 118 | K39: =D39-D40 -> 170 | L39: =E39-E40 -> 48 | M39: =I39-I40 -> 15 | N39: =N40 -> 149.03226 | O39: =L39 -> 48 | P39: =N39-O39 -> 101.03226 | Q39: =H39-G39 -> 35.416667 | R39: =R40 -> 903.22581 | S39: =J39+K39+L39 -> 336 | T39: =R39-S39 -> 567.22581 | U39: =U40+N39 -> 447.09677 | V39: =V40+O39 -> 132 | W39: =U39-V39 -> 315.09677 | X39: =X40+R39 -> 2709.6774 | Y39: =Y40+S39 -> 988 | Z39: =X39-Y39 -> 1721.6774 | AA39: =COS(ATAN(M39/S39)) -> 0.99900499
B40: 2 | C40: =C41+118 -> 241169 | D40: =D41+169 -> 533237 | E40: =E41+43 -> 118079 | F40: =C40+D40+E40 -> 892485 | G40: =(C41+D41+E41)+((S40/24)*3) -> 892196.25 | H40: =G40+((K40/12)*2.5) -> 892231.46 | I40: =I41+12 -> 97887 | J40: =C40-C41 -> 118 | K40: =D40-D41 -> 169 | L40: =E40-E41 -> 43 | M40: =I40-I41 -> 12 | N40: =N41 -> 149.03226 | O40: =L40 -> 43 | P40: =N40-O40 -> 106.03226 | Q40: =H40-G40 -> 35.208333 | R40: =R41 -> 903.22581 | S40: =J40+K40+L40 -> 330 | T40: =R40-S40 -> 573.22581 | U40: =U41+N40 -> 298.06452 | V40: =V41+O40 -> 84 | W40: =U40-V40 -> 214.06452 | X40: =X41+R40 -> 1806.4516 | Y40: =Y41+S40 -> 652 | Z40: =X40-Y40 -> 1154.4516 | AA40: =COS(ATAN(M40/S40)) -> 0.9993395
B41: 1 | C41: =C42+118 -> 241051 | D41: =D42+163 -> 533068 | E41: =E42+41 -> 118036 | F41: =C41+D41+E41 -> 892155 | G41: =(C42+D42+E42)+((S41/24)*3) -> 891873.25 | H41: =G41+((K41/12)*2.5) -> 891907.21 | I41: =I42+10 -> 97875 | J41: =C41-C42 -> 118 | K41: =D41-D42 -> 163 | L41: =E41-E42 -> 41 | M41: =I41-I42 -> 10 | N41: =O6/31 -> 149.03226 | O41: =L41 -> 41 | P41: =N41-O41 -> 108.03226 | Q41: =H41-G41 -> 33.958333 | R41: =S6/31 -> 903.22581 | S41: =J41+K41+L41 -> 322 | T41: =R41-S41 -> 581.22581 | U41: =N41 -> 149.03226 | V41: =O41 -> 41 | W41: =U41-V41 -> 108.03226 | X41: =R41 -> 903.22581 | Y41: =S41 -> 322 | Z41: =X41-Y41 -> 581.22581 | AA41: =COS(ATAN(M41/S41)) -> 0.99951811
B42: cierre mes anterior | C42: 240933 | D42: 532905 | E42: 117995 | F42: 891833 | G42: 891635.44 | H42: 891663.77 | I42: 97865 | M42: =SUM(M11:M41) -> 1123 | AA42: =AVERAGE(AA11:AA41) -> 0.99412039
Z49: Aprobado:
Z50: Ms.C. Jorge Luis García Santana
Z51: Director General
Z52: Universidad Camaguey

Sheet Preparatoria
G2: ANEXO No. 1.
G3: TABLA 1A
G4: Cumplimiento del plan de consumo de energía eléctrica total, mes: | N4: ='Ciencia A'!N4 -> 45658
C5: SERVICIO: PREPARATORIA | U5: total | V5: diaria
N6: Plan Pico N | O6: =S6*16.5% -> 1650 | P6: Plan Pico D | Q6: =(S6*8)/100 -> 800 | R6: PLAN MES | S6: 10000 | T6: Perdidas: | U6: 362 | V6: =U6/31 -> 11.677419
B7: Día | C7: Lectura del contador | J7: Consumo diario kWh y kvarh | N7: Consumo diario Pico nocturno kWh | Q7: Consumo diario pico Diurno kWh | R7: Consumo diario total kWh | U7: Consumo acumulado Pico kWh | X7: Consumo acumulado Total kWh | AB7: Firma Responsable
C8: MAD | D8: DIA | E8: PICO | F8: TOTAL | G8: Pico Diurno 11 am | H8: Pico Diurno 1 pm | I8: REACT | J8: MAD | K8: DIA | L8: PICO | M8: REACT | N8: Plan Pico | O8: Real Pico | P8: Plan - Real | R8: Plan | S8: Real | T8: Plan - Real | U8: Plan Pico | V8: Real Pico | W8: Plan - Real | X8: Plan | Y8: Real | Z8: Plan - Real | AA8: FP
C9: 1 | D9: 2 | E9: 3 | G9: 4 | H9: 5 | I9: 6 | J9: 7 | K9: 8 | L9: 9 | M9: 10 | N9: 11 | O9: 12 | P9: 13 | Q9: 14 | R9: 15 | S9: 16 | T9: 17 | U9: 18 | V9: 19 | W9: 20 | X9: 21 | Y9: 22 | Z9: 23 | AA9: 24 | AB9: 25
B11: 31 | C11: 255451 | D11: 510330 | E11: 168514 | F11: =C11+D11+E11 -> 934295 | G11: =(C12+D12+E12)+((S11/24)*9.5) -> 934264.79 | H11: =G11+((K11/12)*2.5) -> 934266.88 | I11: 298958 | J11: =C11-C12 -> 32 | K11: =D11-D12 -> 10 | L11: =E11-E12 -> 8 | M11: =I11-I12 -> 8 | N11: =N12 -> 53.225806 | O11: =L11 -> 8 | P11: =N11-O11 -> 45.225806 | Q11: =H11-G11 -> 2.0833333 | R11: =R12 -> 322.58065 | S11: =J11+K11+L11 -> 50 | T11: =R11-S11 -> 272.58065 | U11: =U12+N11 -> 1650 | V11: =V12+O11 -> 232 | W11: =U11-V11 -> 1418 | X11: =X12+R11 -> 10000 | Y11: =Y12+S11 -> 1736 | Z11: =X11-Y11 -> 8264 | AA11: =COS(ATAN(M11/S11)) -> 0.98744063
B12: 30 | C12: =C13+30 -> 255419 | D12: =D13+14 -> 510320 | E12: =E13+6 -> 168506 | F12: =C12+D12+E12 -> 934245 | G12: =(C13+D13+E13)+((S12/24)*7.5) -> 934210.62 | H12: =G12+((K12/12)*2.5) -> 934213.54 | I12: =I13+7 -> 298950 | J12: =C12-C13 -> 30 | K12: =D12-D13 -> 14 | L12: =E12-E13 -> 6 | M12: =I12-I13 -> 7 | N12: =N13 -> 53.225806 | O12: =L12 -> 6 | P12: =N12-O12 -> 47.225806 | Q12: =H12-G12 -> 2.9166667 | R12: =R13 -> 322.58065 | S12: =J12+K12+L12 -> 50 | T12: =R12-S12 -> 272.58065 | U12: =U13+N12 -> 1596.7742 | V12: =V13+O12 -> 224 | W12: =U12-V12 -> 1372.7742 | X12: =X13+R12 -> 9677.4194 | Y12: =Y13+S12 -> 1686 | Z12: =X12-Y12 -> 7991.4194 | AA12: =COS(ATAN(M12/S12)) -> 0.99034175
B13: 29 | C13: =C14+27 -> 255389 | D13: =D14+34 -> 510306 | E13: =E14+6 -> 168500 | F13: =C13+D13+E13 -> 934195 | G13: =(C14+D14+E14)+((S13/24)*7.5) -> 934148.94 | H13: =G13+((K13/12)*2.5) -> 934156.02 | I13: =I14+6 -> 298943 | J13: =C13-C14 -> 27 | K13: =D13-D14 -> 34 | L13: =E13-E14 -> 6 | M13: =I13-I14 -> 6 | N13: =N14 -> 53.225806 | O13: =L13 -> 6 | P13: =N13-O13 -> 47.225806 | Q13: =H13-G13 -> 7.0833333 | R13: =R14 -> 322.58065 | S13: =J13+K13+L13 -> 67 | T13: =R13-S13 -> 255.58065 | U13: =U14+N13 -> 1543.5484 | V13: =V14+O13 -> 218 | W13: =U13-V13 -> 1325.5484 | X13: =X14+R13 -> 9354.8387 | Y13: =Y14+S13 -> 1636 | Z13: =X13-Y13 -> 7718.8387 | AA13: =COS(ATAN(M13/S13)) -> 0.99601416
B14: 28 | C14: 255362 | D14: 510272 | E14: 168494 | F14: =C14+D14+E14 -> 934128 | G14: =(C15+D15+E15)+((S14/24)*7.5) -> 934062 | H14: =G14+((K14/12)*2.5) -> 934074.08 | I14: =I15+4 -> 298937 | J14: =C14-C15 -> 29 | K14: =D14-D15 -> 58 | L14: =E14-E15 -> 9 | M14: =I14-I15 -> 4 | N14: =N15 -> 53.225806 | O14: =L14 -> 9 | P14: =N14-O14 -> 44.225806 | Q14: =H14-G14 -> 12.083333 | R14: =R15 -> 322.58065 | S14: =J14+K14+L14 -> 96 | T14: =R14-S14 -> 226.58065 | U14: =U15+N14 -> 1490.3226 | V14: =V15+O14 -> 212 | W14: =U14-V14 -> 1278.3226 | X14: =X15+R14 -> 9032.2581 | Y14: =Y15+S14 -> 1569 | Z14: =X14-Y14 -> 7463.2581 | AA14: =COS(ATAN(M14/S14)) -> 0.99913307
B15: 27 | C15: =C16+28 -> 255333 | D15: =D16+53 -> 510214 | E15: =E16+12 -> 168485 | F15: =C15+D15+E15 -> 934032 | G15: =(C16+D16+E16)+((S15/24)*7.5) -> 933968.06 | H15: =G15+((K15/12)*2.5) -> 933979.1 | I15: =I16+5 -> 298933 | J15: =C15-C16 -> 28 | K15: =D15-D16 -> 53 | L15: =E15-E16 -> 12 | M15: =I15-I16 -> 5 | N15: =N16 -> 53.225806 | O15: =L15 -> 12 | P15: =N15-O15 -> 41.225806 | Q15: =H15-G15 -> 11.041667 | R15: =R16 -> 322.58065 | S15: =J15+K15+L15 -> 93 | T15: =R15-S15 -> 229.58065 | U15: =U16+N15 -> 1437.0968 | V15: =V16+O15 -> 203 | W15: =U15-V15 -> 1234.0968 | X15: =X16+R15 -> 8709.6774 | Y15: =Y16+S15 -> 1473 | Z15: =X15-Y15 -> 7236.6774 | AA15: =COS(ATAN(M15/S15)) -> 0.99855787
B16: 26 | C16: =C17+30 -> 255305 | D16: =D17+51 -> 510161 | E16: =E17+9 -> 168473 | F16: =C16+D16+E16 -> 933939 | G16: =(C17+D17+E17)+((S16/24)*7.5) -> 933877.12 | H16: =G16+((K16/12)*2.5) -> 933887.75 | I16: =I17+5 -> 298928 | J16: =C16-C17 -> 30 | K16: =D16-D17 -> 51 | L16: =E16-E17 -> 9 | M16: =I16-I17 -> 5 | N16: =N17 -> 53.225806 | O16: =L16 -> 9 | P16: =N16-O16 -> 44.225806 | Q16: =H16-G16 -> 10.625 | R16: =R17 -> 322.58065 | S16: =J16+K16+L16 -> 90 | T16: =R16-S16 -> 232.58065 | U16: =U17+N16 -> 1383.871 | V16: =V17+O16 -> 191 | W16: =U16-V16 -> 1192.871 | X16: =X17+R16 -> 8387.0968 | Y16: =Y17+S16 -> 1380 | Z16: =X16-Y16 -> 7007.0968 | AA16: =COS(ATAN(M16/S16)) -> 0.99846035
B17: 25 | C17: =C18+29 -> 255275 | D17: =D18+55 -> 510110 | E17: =E18+10 -> 168464 | F17: =C17+D17+E17 -> 933849 | G17: =(C18+D18+E18)+((S17/24)*7.5) -> 933784.38 | H17: =G17+((K17/12)*2.5) -> 933795.83 | I17: =I18+10 -> 298923 | J17: =C17-C18 -> 29 | K17: =D17-D18 -> 55 | L17: =E17-E18 -> 10 | M17: =I17-I18 -> 10 | N17: =N18 -> 53.225806 | O17: =L17 -> 10 | P17: =N17-O17 -> 43.225806 | Q17: =H17-G17 -> 11.458333 | R17: =R18 -> 322.58065 | S17: =J17+K17+L17 -> 94 | T17: =R17-S17 -> 228.58065 | U17: =U18+N17 -> 1330.6452 | V17: =V18+O17 -> 182 | W17: =U17-V17 -> 1148.6452 | X17: =X18+R17 -> 8064.5161 | Y17: =Y18+S17 -> 1290 | Z17: =X17-Y17 -> 6774.5161 | AA17: =COS(ATAN(M17/S17)) -> 0.99438891
B18: 24 | C18: =C19+24 -> 255246 | D18: =D19+53 -> 510055 | E18: =E19+13 -> 168454 | F18: =C18+D18+E18 -> 933755 | G18: =(C19+D19+E19)+((S18/24)*7.5) -> 933693.12 | H18: =G18+((K18/12)*2.5) -> 933704.17 | I18: =I19+8 -> 298913 | J18: =C18-C19 -> 24 | K18: =D18-D19 -> 53 | L18: =E18-E19 -> 13 | M18: =I18-I19 -> 8 | N18: =N19 -> 53.225806 | O18: =L18 -> 13 | P18: =N18-O18 -> 40.225806 | Q18: =H18-G18 -> 11.041667 | R18: =R19 -> 322.58065 | S18: =J18+K18+L18 -> 90 | T18: =R18-S18 -> 232.58065 | U18: =U19+N18 -> 1277.4194 | V18: =V19+O18 -> 172 | W18: =U18-V18 -> 1105.4194 | X18: =X19+R18 -> 7741.9355 | Y18: =Y19+S18 -> 1196 | Z18: =X18-Y18 -> 6545.9355 | AA18: =COS(ATAN(M18/S18)) -> 0.99607264
B19: 23 | C19: =C20+27 -> 255222 | D19: =D20+49 -> 510002 | E19: =E20+11 -> 168441 | F19: =C19+D19+E19 -> 933665 | G19: =(C20+D20+E20)+((S19/24)*7.5) -> 933605.19 | H19: =G19+((K19/12)*2.5) -> 933615.4 | I19: =I20+8 -> 298905 | J19: =C19-C20 -> 27 | K19: =D19-D20 -> 49 | L19: =E19-E20 -> 11 | M19: =I19-I20 -> 8 | N19: =N20 -> 53.225806 | O19: =L19 -> 11 | P19: =N19-O19 -> 42.225806 | Q19: =H19-G19 -> 10.208333 | R19: =R20 -> 322.58065 | S19: =J19+K19+L19 -> 87 | T19: =R19-S19 -> 235.58065 | U19: =U20+N19 -> 1224.1935 | V19: =V20+O19 -> 159 | W19: =U19-V19 -> 1065.1935 | X19: =X20+R19 -> 7419.3548 | Y19: =Y20+S19 -> 1106 | Z19: =X19-Y19 -> 6313.3548 | AA19: =COS(ATAN(M19/S19)) -> 0.99579885
B20: 22 | C20: 255195 | D20: 509953 | E20: 168430 | F20: =C20+D20+E20 -> 933578 | G20: =(C21+D21+E21)+((S20/24)*7.5) -> 933538.81 | H20: =G20+((K20/12)*2.5) -> 933543.4 | I20: 298897 | J20: =C20-C21 -> 25 | K20: =D20-D21 -> 22 | L20: =E20-E21 -> 10 | M20: =I20-I21 -> 8 | N20: =N21 -> 53.225806 | O20: =L20 -> 10 | P20: =N20-O20 -> 43.225806 | Q20: =H20-G20 -> 4.5833333 | R20: =R21 -> 322.58065 | S20: =J20+K20+L20 -> 57 | T20: =R20-S20 -> 265.58065 | U20: =U21+N20 -> 1170.9677 | V20: =V21+O20 -> 148 | W20: =U20-V20 -> 1022.9677 | X20: =X21+R20 -> 7096.7742 | Y20: =Y21+S20 -> 1019 | Z20: =X20-Y20 -> 6077.7742 | AA20: =COS(ATAN(M20/S20)) -> 0.99029398
B21: 21 | C21: =C22+21 -> 255170 | D21: =D22+25 -> 509931 | E21: =E22+9 -> 168420 | F21: =C21+D21+E21 -> 933521 | G21: =(C22+D22+E22)+((S21/24)*7.5) -> 933483.19 | H21: =G21+((K21/12)*2.5) -> 933488.4 | I21: =I22+5 -> 298889 | J21: =C21-C22 -> 21 | K21: =D21-D22 -> 25 | L21: =E21-E22 -> 9 | M21: =I21-I22 -> 5 | N21: =N22 -> 53.225806 | O21: =L21 -> 9 | P21: =N21-O21 -> 44.225806 | Q21: =H21-G21 -> 5.2083333 | R21: =R22 -> 322.58065 | S21: =J21+K21+L21 -> 55 | T21: =R21-S21 -> 267.58065 | U21: =U22+N21 -> 1117.7419 | V21: =V22+O21 -> 138 | W21: =U21-V21 -> 979.74194 | X21: =X22+R21 -> 6774.1935 | Y21: =Y22+S21 -> 962 | Z21: =X21-Y21 -> 5812.1935 | AA21: =COS(ATAN(M21/S21)) -> 0.99589321
B22: 20 | C22: =C23+20 -> 255149 | D22: =D23+27 -> 509906 | E22: =E23+10 -> 168411 | F22: =C22+D22+E22 -> 933466 | G22: =(C23+D23+E23)+((S22/24)*7.5) -> 933426.81 | H22: =G22+((K22/12)*2.5) -> 933432.44 | I22: =I23+6 -> 298884 | J22: =C22-C23 -> 20 | K22: =D22-D23 -> 27 | L22: =E22-E23 -> 10 | M22: =I22-I23 -> 6 | N22: =N23 -> 53.225806 | O22: =L22 -> 10 | P22: =N22-O22 -> 43.225806 | Q22: =H22-G22 -> 5.625 | R22: =R23 -> 322.58065 | S22: =J22+K22+L22 -> 57 | T22: =R22-S22 -> 265.58065 | U22: =U23+N22 -> 1064.5161 | V22: =V23+O22 -> 129 | W22: =U22-V22 -> 935.51613 | X22: =X23+R22 -> 6451.6129 | Y22: =Y23+S22 -> 907 | Z22: =X22-Y22 -> 5544.6129 | AA22: =COS(ATAN(M22/S22)) -> 0.99450545
B23: 19 | C23: =C24+21 -> 255129 | D23: =D24+24 -> 509879 | E23: =E24+9 -> 168401 | F23: =C23+D23+E23 -> 933409 | G23: =(C24+D24+E24)+((S23/24)*7.5) -> 933371.88 | H23: =G23+((K23/12)*2.5) -> 933376.88 | I23: =I24+5 -> 298878 | J23: =C23-C24 -> 21 | K23: =D23-D24 -> 24 | L23: =E23-E24 -> 9 | M23: =I23-I24 -> 5 | N23: =N24 -> 53.225806 | O23: =L23 -> 9 | P23: =N23-O23 -> 44.225806 | Q23: 9 | R23: =R24 -> 322.58065 | S23: =J23+K23+L23 -> 54 | T23: =R23-S23 -> 268.58065 | U23: =U24+N23 -> 1011.2903 | V23: =V24+O23 -> 119 | W23: =U23-V23 -> 892.29032 | X23: =X24+R23 -> 6129.0323 | Y23: =Y24+S23 -> 850 | Z23: =X23-Y23 -> 5279.0323 | AA23: =COS(ATAN(M23/S23)) -> 0.99574067
B24: 18 | C24: =C25+23 -> 255108 | D24: =D25+26 -> 509855 | E24: =E25+8 -> 168392 | F24: =C24+D24+E24 -> 933355 | G24: =(C25+D25+E25)+((S24/24)*7.5) -> 933315.81 | H24: =G24+((K24/12)*2.5) -> 933321.23 | I24: =I25+4 -> 298873 | J24: =C24-C25 -> 23 | K24: =D24-D25 -> 26 | L24: =E24-E25 -> 8 | M24: =I24-I25 -> 4 | N24: =N25 -> 53.225806 | O24: =L24 -> 8 | P24: =N24-O24 -> 45.225806 | Q24: 7 | R24: =R25 -> 322.58065 | S24: =J24+K24+L24 -> 57 | T24: =R24-S24 -> 265.58065 | U24: =U25+N24 -> 958.06452 | V24: =V25+O24 -> 110 | W24: =U24-V24 -> 848.06452 | X24: =X25+R24 -> 5806.4516 | Y24: =Y25+S24 -> 796 | Z24: =X24-Y24 -> 5010.4516 | AA24: =COS(ATAN(M24/S24)) -> 0.99754676
B25: 17 | C25: =C26+19 -> 255085 | D25: =D26+23 -> 509829 | E25: =E26+11 -> 168384 | F25: =C25+D25+E25 -> 933298 | G25: =(C26+D26+E26)+((S25/24)*7.5) -> 933261.56 | H25: =G25+((K25/12)*2.5) -> 933266.35 | I25: =I26+5 -> 298869 | J25: =C25-C26 -> 19 | K25: =D25-D26 -> 23 | L25: =E25-E26 -> 11 | M25: =I25-I26 -> 5 | N25: =N26 -> 53.225806 | O25: =L25 -> 11 | P25: =N25-O25 -> 42.225806 | Q25: =H25-G25 -> 4.7916667 | R25: =R26 -> 322.58065 | S25: =J25+K25+L25 -> 53 | T25: =R25-S25 -> 269.58065 | U25: =U26+N25 -> 904.83871 | V25: =V26+O25 -> 102 | W25: =U25-V25 -> 802.83871 | X25: =X26+R25 -> 5483.871 | Y25: =Y26+S25 -> 739 | Z25: =X25-Y25 -> 4744.871 | AA25: =COS(ATAN(M25/S25)) -> 0.9955795
B26: 16 | C26: =C27+22 -> 255066 | D26: =D27+25 -> 509806 | E26: =E27+7 -> 168373 | F26: =C26+D26+E26 -> 933245 | G26: =(C27+D27+E27)+((S26/24)*7.5) -> 933207.88 | H26: =G26+((K26/12)*2.5) -> 933213.08 | I26: =I27+7 -> 298864 | J26: =C26-C27 -> 22 | K26: =D26-D27 -> 25 | L26: =E26-E27 -> 7 | M26: =I26-I27 -> 7 | N26: =N27 -> 53.225806 | O26: =L26 -> 7 | P26: =N26-O26 -> 46.225806 | Q26: =H26-G26 -> 5.2083333 | R26: =R27 -> 322.58065 | S26: =J26+K26+L26 -> 54 | T26: =R26-S26 -> 268.58065 | U26: =U27+N26 -> 851.6129 | V26: =V27+O26 -> 91 | W26: =U26-V26 -> 760.6129 | X26: =X27+R26 -> 5161.2903 | Y26: =Y27+S26 -> 686 | Z26: =X26-Y26 -> 4475.2903 | AA26: =COS(ATAN(M26/S26)) -> 0.99170251
B27: 15 | C27: =C28+20 -> 255044 | D27: =D28+29 -> 509781 | E27: =E28+9 -> 168366 | F27: =C27+D27+E27 -> 933191 | G27: =(C28+D28+E28)+((S27/24)*7.5) -> 933151.12 | H27: =G27+((K27/12)*2.5) -> 933157.17 | I27: =I28+5 -> 298857 | J27: =C27-C28 -> 20 | K27: =D27-D28 -> 29 | L27: =E27-E28 -> 9 | M27: =I27-I28 -> 5 | N27: =N28 -> 53.225806 | O27: =L27 -> 9 | P27: =N27-O27 -> 44.225806 | Q27: =H27-G27 -> 6.0416667 | R27: =R28 -> 322.58065 | S27: =J27+K27+L27 -> 58 | T27: =R27-S27 -> 264.58065 | U27: =U28+N27 -> 798.3871 | V27: =V28+O27 -> 84 | W27: =U27-V27 -> 714.3871 | X27: =X28+R27 -> 4838.7097 | Y27: =Y28+S27 -> 632 | Z27: =X27-Y27 -> 4206.7097 | AA27: =COS(ATAN(M27/S27)) -> 0.99630477
B28: 14 | C28: =C29+11 -> 255024 | D28: =D29+31 -> 509752 | E28: =E29+8 -> 168357 | F28: =C28+D28+E28 -> 933133 | G28: =(C29+D29+E29)+((S28/24)*7.5) -> 933098.62 | H28: =G28+((K28/12)*2.5) -> 933105.08 | I28: =I29+12 -> 298852 | J28: =C28-C29 -> 11 | K28: =D28-D29 -> 31 | L28: =E28-E29 -> 8 | M28: =I28-I29 -> 12 | N28: =N29 -> 53.225806 | O28: =L28 -> 8 | P28: =N28-O28 -> 45.225806 | Q28: =H28-G28 -> 6.4583333 | R28: =R29 -> 322.58065 | S28: =J28+K28+L28 -> 50 | T28: =R28-S28 -> 272.58065 | U28: =U29+N28 -> 745.16129 | V28: =V29+O28 -> 75 | W28: =U28-V28 -> 670.16129 | X28: =X29+R28 -> 4516.129 | Y28: =Y29+S28 -> 574 | Z28: =X28-Y28 -> 3942.129 | AA28: =COS(ATAN(M28/S28)) -> 0.9723873
B29: 13 | C29: 255013 | D29: 509721 | E29: 168349 | F29: =C29+D29+E29 -> 933083 | G29: =(C30+D30+E30)+((S29/24)*7.5) -> 933052.75 | H29: =G29+((K29/12)*2.5) -> 933058.58 | I29: 298840 | J29: =C29-C30 -> 13 | K29: =D29-D30 -> 28 | L29: =E29-E30 -> 3 | M29: =I29-I30 -> 11 | N29: =N30 -> 53.225806 | O29: =L29 -> 3 | P29: =N29-O29 -> 50.225806 | Q29: =H29-G29 -> 5.8333333 | R29: =R30 -> 322.58065 | S29: =J29+K29+L29 -> 44 | T29: =R29-S29 -> 278.58065 | U29: =U30+N29 -> 691.93548 | V29: =V30+O29 -> 67 | W29: =U29-V29 -> 624.93548 | X29: =X30+R29 -> 4193.5484 | Y29: =Y30+S29 -> 524 | Z29: =X29-Y29 -> 3669.5484 | AA29: =COS(ATAN(M29/S29)) -> 0.9701425
B30: 12 | C30: =C31+12 -> 255000 | D30: =D31+29 -> 509693 | E30: =E31+6 -> 168346 | F30: =C30+D30+E30 -> 933039 | G30: =(C31+D31+E31)+((S30/24)*7.5) -> 933006.69 | H30: =G30+((K30/12)*2.5) -> 933012.73 | I30: =I31+7 -> 298829 | J30: =C30-C31 -> 12 | K30: =D30-D31 -> 29 | L30: =E30-E31 -> 6 | M30: =I30-I31 -> 7 | N30: =N31 -> 53.225806 | O30: =L30 -> 6 | P30: =N30-O30 -> 47.225806 | Q30: =H30-G30 -> 6.0416667 | R30: =R31 -> 322.58065 | S30: =J30+K30+L30 -> 47 | T30: =R30-S30 -> 275.58065 | U30: =U31+N30 -> 638.70968 | V30: =V31+O30 -> 64 | W30: =U30-V30 -> 574.70968 | X30: =X31+R30 -> 3870.9677 | Y30: =Y31+S30 -> 480 | Z30: =X30-Y30 -> 3390.9677 | AA30: =COS(ATAN(M30/S30)) -> 0.98909018
B31: 11 | C31: =C32+10 -> 254988 | D31: =D32+24 -> 509664 | E31: =E32+5 -> 168340 | F31: =C31+D31+E31 -> 932992 | G31: =(C32+D32+E32)+((S31/24)*7.5) -> 932965.19 | H31: =G31+((K31/12)*2.5) -> 932970.19 | I31: =I32+9 -> 298822 | J31: =C31-C32 -> 10 | K31: =D31-D32 -> 24 | L31: =E31-E32 -> 5 | M31: =I31-I32 -> 9 | N31: =N32 -> 53.225806 | O31: =L31 -> 5 | P31: =N31-O31 -> 48.225806 | Q31: =H31-G31 -> 5 | R31: =R32 -> 322.58065 | S31: =J31+K31+L31 -> 39 | T31: =R31-S31 -> 283.58065 | U31: =U32+N31 -> 585.48387 | V31: =V32+O31 -> 58 | W31: =U31-V31 -> 527.48387 | X31: =X32+R31 -> 3548.3871 | Y31: =Y32+S31 -> 433 | Z31: =X31-Y31 -> 3115.3871 | AA31: =COS(ATAN(M31/S31)) -> 0.9743912
B32: 10 | C32: =C33+14 -> 254978 | D32: =D33+30 -> 509640 | E32: =E33+7 -> 168335 | F32: =C32+D32+E32 -> 932953 | G32: =(C33+D33+E33)+((S32/24)*7.5) -> 932917.94 | H32: =G32+((K32/12)*2.5) -> 932924.19 | I32: =I33+8 -> 298813 | J32: =C32-C33 -> 14 | K32: =D32-D33 -> 30 | L32: =E32-E33 -> 7 | M32: =I32-I33 -> 8 | N32: =N33 -> 53.225806 | O32: =L32 -> 7 | P32: =N32-O32 -> 46.225806 | Q32: =H32-G32 -> 6.25 | R32: =R33 -> 322.58065 | S32: =J32+K32+L32 -> 51 | T32: =R32-S32 -> 271.58065 | U32: =U33+N32 -> 532.25806 | V32: =V33+O32 -> 53 | W32: =U32-V32 -> 479.25806 | X32: =X33+R32 -> 3225.8065 | Y32: =Y33+S32 -> 394 | Z32: =X32-Y32 -> 2831.8065 | AA32: =COS(ATAN(M32/S32)) -> 0.98791953
B33: 9 | C33: =C34+11 -> 254964 | D33: =D34+28 -> 509610 | E33: =E34+4 -> 168328 | F33: =C33+D33+E33 -> 932902 | G33: =(C34+D34+E34)+((S33/24)*7.5) -> 932872.44 | H33: =G33+((K33/12)*2.5) -> 932878.27 | I33: =I34+10 -> 298805 | J33: =C33-C34 -> 11 | K33: =D33-D34 -> 28 | L33: =E33-E34 -> 4 | M33: =I33-I34 -> 10 | N33: =N34 -> 53.225806 | O33: =L33 -> 4 | P33: =N33-O33 -> 49.225806 | Q33: =H33-G33 -> 5.8333333 | R33: =R34 -> 322.58065 | S33: =J33+K33+L33 -> 43 | T33: =R33-S33 -> 279.58065 | U33: =U34+N33 -> 479.03226 | V33: =V34+O33 -> 46 | W33: =U33-V33 -> 433.03226 | X33: =X34+R33 -> 2903.2258 | Y33: =Y34+S33 -> 343 | Z33: =X33-Y33 -> 2560.2258 | AA33: =COS(ATAN(M33/S33)) -> 0.97400803
B34: 8 | C34: =C35+12 -> 254953 | D34: =D35+26 -> 509582 | E34: =E35+6 -> 168324 | F34: =C34+D34+E34 -> 932859 | G34: =(C35+D35+E35)+((S34/24)*7.5) -> 932828.75 | H34: =G34+((K34/12)*2.5) -> 932834.17 | I34: =I35+9 -> 298795 | J34: =C34-C35 -> 12 | K34: =D34-D35 -> 26 | L34: =E34-E35 -> 6 | M34: =I34-I35 -> 9 | N34: =N35 -> 53.225806 | O34: =L34 -> 6 | P34: =N34-O34 -> 47.225806 | Q34: =H34-G34 -> 5.4166667 | R34: =R35 -> 322.58065 | S34: =J34+K34+L34 -> 44 | T34: =R34-S34 -> 278.58065 | U34: =U35+N34 -> 425.80645 | V34: =V35+O34 -> 42 | W34: =U34-V34 -> 383.80645 | X34: =X35+R34 -> 2580.6452 | Y34: =Y35+S34 -> 300 | Z34: =X34-Y34 -> 2280.6452 | AA34: =COS(ATAN(M34/S34)) -> 0.97971493
B35: 7 | C35: 254941 | D35: 509556 | E35: 168318 | F35: =C35+D35+E35 -> 932815 | G35: =(C36+D36+E36)+((S35/24)*7.5) -> 932780.62 | H35: =G35+((K35/12)*2.5) -> 932786.25 | I35: 298786 | J35: =C35-C36 -> 14 | K35: =D35-D36 -> 27 | L35: =E35-E36 -> 9 | M35: =I35-I36 -> 14 | N35: =N36 -> 53.225806 | O35: =L35 -> 9 | P35: =N35-O35 -> 44.225806 | Q35: =H35-G35 -> 5.625 | R35: =R36 -> 322.58065 | S35: =J35+K35+L35 -> 50 | T35: =R35-S35 -> 272.58065 | U35: =U36+N35 -> 372.58065 | V35: =V36+O35 -> 36 | W35: =U35-V35 -> 336.58065 | X35: =X36+R35 -> 2258.0645 | Y35: =Y36+S35 -> 256 | Z35: =X35-Y35 -> 2002.0645 | AA35: =COS(ATAN(M35/S35)) -> 0.96296402
B36: 6 | C36: =C37+15 -> 254927 | D36: =D37+26 -> 509529 | E36: =E37+9 -> 168309 | F36: =C36+D36+E36 -> 932765 | G36: =(C37+D37+E37)+((S36/24)*7.5) -> 932730.62 | H36: =G36+((K36/12)*2.5) -> 932736.04 | I36: =I37+13 -> 298772 | J36: =C36-C37 -> 15 | K36: =D36-D37 -> 26 | L36: =E36-E37 -> 9 | M36: =I36-I37 -> 13 | N36: =N37 -> 53.225806 | O36: =L36 -> 9 | P36: =N36-O36 -> 44.225806 | Q36: =H36-G36 -> 5.4166667 | R36: =R37 -> 322.58065 | S36: =J36+K36+L36 -> 50 | T36: =R36-S36 -> 272.58065 | U36: =U37+N36 -> 319.35484 | V36: =V37+O36 -> 27 | W36: =U36-V36 -> 292.35484 | X36: =X37+R36 -> 1935.4839 | Y36: =Y37+S36 -> 206 | Z36: =X36-Y36 -> 1729.4839 | AA36: =COS(ATAN(M36/S36)) -> 0.96782251
B37: 5 | C37: =C38+14 -> 254912 | D37: =D38+22 -> 509503 | E37: =E38+6 -> 168300 | F37: =C37+D37+E37 -> 932715 | G37: =(C38+D38+E38)+((S37/24)*7.5) -> 932686.12 | H37: =G37+((K37/12)*2.5) -> 932690.71 | I37: =I38+10 -> 298759 | J37: =C37-C38 -> 14 | K37: =D37-D38 -> 22 | L37: =E37-E38 -> 6 | M37: =I37-I38 -> 10 | N37: =N38 -> 53.225806 | O37: =L37 -> 6 | P37: =N37-O37 -> 47.225806 | Q37: =H37-G37 -> 4.5833333 | R37: =R38 -> 322.58065 | S37: =J37+K37+L37 -> 42 | T37: =R37-S37 -> 280.58065 | U37: =U38+N37 -> 266.12903 | V37: =V38+O37 -> 18 | W37: =U37-V37 -> 248.12903 | X37: =X38+R37 -> 1612.9032 | Y37: =Y38+S37 -> 156 | Z37: =X37-Y37 -> 1456.9032 | AA37: =COS(ATAN(M37/S37)) -> 0.97280621
B38: 4 | C38: =C39+13 -> 254898 | D38: =D39+19 -> 509481 | E38: =E39+4 -> 168294 | F38: =C38+D38+E38 -> 932673 | G38: =(C39+D39+E39)+((S38/24)*7.5) -> 932648.25 | H38: =G38+((K38/12)*2.5) -> 932652.21 | I38: =I39+9 -> 298749 | J38: =C38-C39 -> 13 | K38: =D38-D39 -> 19 | L38: =E38-E39 -> 4 | M38: =I38-I39 -> 9 | N38: =N39 -> 53.225806 | O38: =L38 -> 4 | P38: =N38-O38 -> 49.225806 | Q38: =H38-G38 -> 3.9583333 | R38: =R39 -> 322.58065 | S38: =J38+K38+L38 -> 36 | T38: =R38-S38 -> 286.58065 | U38: =U39+N38 -> 212.90323 | V38: =V39+O38 -> 12 | W38: =U38-V38 -> 200.90323 | X38: =X39+R38 -> 1290.3226 | Y38: =Y39+S38 -> 114 | Z38: =X38-Y38 -> 1176.3226 | AA38: =COS(ATAN(M38/S38)) -> 0.9701425
B39: 3 | C39: =C40+10 -> 254885 | D39: =D40+16 -> 509462 | E39: =E40+4 -> 168290 | F39: =C39+D39+E39 -> 932637 | G39: =(C40+D40+E40)+((S39/24)*7.5) -> 932616.38 | H39: =G39+((K39/12)*2.5) -> 932619.71 | I39: =I40+8 -> 298740 | J39: =C39-C40 -> 10 | K39: =D39-D40 -> 16 | L39: =E39-E40 -> 4 | M39: =I39-I40 -> 8 | N39: =N40 -> 53.225806 | O39: =L39 -> 4 | P39: =N39-O39 -> 49.225806 | Q39: =H39-G39 -> 3.3333333 | R39: =R40 -> 322.58065 | S39: =J39+K39+L39 -> 30 | T39: =R39-S39 -> 292.58065 | U39: =U40+N39 -> 159.67742 | V39: =V40+O39 -> 8 | W39: =U39-V39 -> 151.67742 | X39: =X40+R39 -> 967.74194 | Y39: =Y40+S39 -> 78 | Z39: =X39-Y39 -> 889.74194 | AA39: =COS(ATAN(M39/S39)) -> 0.96623494
B40: 2 | C40: =C41+9 -> 254875 | D40: =D41+15 -> 509446 | E40: =E41+2 -> 168286 | F40: =C40+D40+E40 -> 932607 | G40: =(C41+D41+E41)+((S40/24)*7.5) -> 932589.12 | H40: =G40+((K40/12)*2.5) -> 932592.25 | I40: =I41+7 -> 298732 | J40: =C40-C41 -> 9 | K40: =D40-D41 -> 15 | L40: =E40-E41 -> 2 | M40: =I40-I41 -> 7 | N40: =N41 -> 53.225806 | O40: =L40 -> 2 | P40: =N40-O40 -> 51.225806 | Q40: =H40-G40 -> 3.125 | R40: =R41 -> 322.58065 | S40: =J40+K40+L40 -> 26 | T40: =R40-S40 -> 296.58065 | U40: =U41+N40 -> 106.45161 | V40: =V41+O40 -> 4 | W40: =U40-V40 -> 102.45161 | X40: =X41+R40 -> 645.16129 | Y40: =Y41+S40 -> 48 | Z40: =X40-Y40 -> 597.16129 | AA40: =COS(ATAN(M40/S40)) -> 0.96561576
B41: 1 | C41: =C42+7 -> 254866 | D41: =D42+13 -> 509431 | E41: =E42+2 -> 168284 | F41: =C41+D41+E41 -> 932581 | G41: =(C42+D42+E42)+((S41/24)*7.5) -> 932565.88 | H41: =G41+((K41/12)*2.5) -> 932568.58 | I41: =I42+7 -> 298725 | J41: =C41-C42 -> 7 | K41: =D41-D42 -> 13 | L41: =E41-E42 -> 2 | M41: =I41-I42 -> 7 | N41: =O6/31 -> 53.225806 | O41: =L41 -> 2 | P41: =N41-O41 -> 51.225806 | Q41: =H41-G41 -> 2.7083333 | R41: =S6/31 -> 322.58065 | S41: =J41+K41+L41 -> 22 | T41: =R41-S41 -> 300.58065 | U41: =N41 -> 53.225806 | V41: =O41 -> 2 | W41: =U41-V41 -> 51.225806 | X41: =R41 -> 322.58065 | Y41: =S41 -> 22 | Z41: =X41-Y41 -> 300.58065 | AA41: =COS(ATAN(M41/S41)) -> 0.95292578
B42: cierre mes anterior | C42: 254859 | D42: 509418 | E42: 168282 | F42: 932559 | G42: 932539.67 | H42: 932543.42 | I42: 298718 | M42: =SUM(M11:M41) -> 240 | AA42: =AVERAGE(AA11:AA41) -> 0.98451421
Z51: Aprobado:
Z52: Ms.C. Jorge Luis García Santana
Z53: Director General
Z54: Universidad Camaguey

Sheet Sede Martí
G2: ANEXO No. 1.
G3: TABLA 1A
G4: Cumplimiento del plan de consumo de energía eléctrica total, mes: | N4: ='Ciencia A'!N4 -> 45658
C5: SERVICIO: JOSE MARTÍ | U5: total | V5: diaria
N6: Plan Pico N | O6: =S6*16.5% -> 3960 | P6: Plan Pico D | Q6: =(S6*8)/100 -> 1920 | R6: PLAN MES | S6: 24000 | T6: Perdidas: | U6: 395 | V6: =U6/31 -> 12.741935
B7: Día | J7: Consumo diario kWh y kvarh | N7: Consumo diario Pico nocturno kWh | Q7: Consumo diario pico Diurno kWh | R7: Consumo diario total kWh | U7: Consumo acumulado Pico kWh | X7: Consumo acumulado Total kWh | AB7: Firma Responsable
C8: MAD | D8: DIA | E8: PICO | F8: TOTAL | G8: Pico Diurno 11 am | H8: Pico Diurno 1 pm | I8: REACT | J8: MAD | K8: DIA | L8: PICO | M8: REACT | N8: Plan Pico | O8: Real Pico | P8: Plan - Real | R8: Plan | S8: Real | T8: Plan - Real | U8: Plan Pico | V8: Real Pico | W8: Plan - Real | X8: Plan | Y8: Real | Z8: Plan - Real | AA8: FP
C9: 1 | D9: 2 | E9: 3 | G9: 4 | H9: 5 | I9: 6 | J9: 7 | K9: 8 | L9: 9 | M9: 10 | N9: 11 | O9: 12 | P9: 13 | Q9: 14 | R9: 15 | S9: 16 | T9: 17 | U9: 18 | V9: 19 | W9: 20 | X9: 21 | Y9: 22 | Z9: 23 | AA9: 24 | AB9: 25
B11: 31 | C11: 701674 | D11: 1386015 | E11: 465019 | F11: =C11+D11+E11 -> 2552708 | G11: =(C12+D12+E12)+((S11/24)*9.5) -> 2552636.7 | H11: =G11+((K11/12)*2.5) -> 2552636.7 | I11: 808116 | J11: =C11-C12 -> 108 | K11: =D11-D12 -> 0 | L11: =E11-E12 -> 10 | M11: =I11-I12 -> 59 | N11: =N12 -> 127.74194 | O11: =L11 -> 10 | P11: =N11-O11 -> 117.74194 | Q11: =H11-G11 -> 0 | R11: =R12 -> 774.19355 | S11: =J11+K11+L11 -> 118 | T11: =R11-S11 -> 656.19355 | U11: =U12+N11 -> 3960 | V11: =V12+O11 -> 1859 | W11: =U11-V11 -> 2101 | X11: =X12+R11 -> 24000 | Y11: =Y12+S11 -> 9789 | Z11: =X11-Y11 -> 14211 | AA11: =COS(ATAN(M11/S11)) -> 0.89442719
B12: 30 | C12: =C13+113 -> 701566 | D12: =D13+76 -> 1386015 | E12: =E13+32 -> 465009 | F12: =C12+D12+E12 -> 2552590 | G12: =(C13+D13+E13)+((S12/24)*7.5) -> 2552438.1 | H12: =G12+((K12/12)*1.5) -> 2552447.6 | I12: =I13+188 -> 808057 | J12: =C12-C13 -> 113 | K12: =D12-D13 -> 76 | L12: =E12-E13 -> 32 | M12: =I12-I13 -> 188 | N12: =N13 -> 127.74194 | O12: =L12 -> 32 | P12: =N12-O12 -> 95.741935 | Q12: =H12-G12 -> 9.5 | R12: =R13 -> 774.19355 | S12: =J12+K12+L12 -> 221 | T12: =R12-S12 -> 553.19355 | U12: =U13+N12 -> 3832.2581 | V12: =V13+O12 -> 1849 | W12: =U12-V12 -> 1983.2581 | X12: =X13+R12 -> 23225.806 | Y12: =Y13+S12 -> 9671 | Z12: =X12-Y12 -> 13554.806 | AA12: =COS(ATAN(M12/S12)) -> 0.76168415
B13: 29 | C13: =C14+119 -> 701453 | D13: =D14+178 -> 1385939 | E13: =E14+53 -> 464977 | F13: =C13+D13+E13 -> 2552369 | G13: =(C14+D14+E14)+((S13/24)*7.5) -> 2552128.4 | H13: =G13+((K13/12)*1.5) -> 2552150.6 | I13: =I14+187 -> 807869 | J13: =C13-C14 -> 119 | K13: =D13-D14 -> 178 | L13: =E13-E14 -> 53 | M13: =I13-I14 -> 187 | N13: =N14 -> 127.74194 | O13: =L13 -> 53 | P13: =N13-O13 -> 74.741935 | Q13: =H13-G13 -> 22.25 | R13: =R14 -> 774.19355 | S13: =J13+K13+L13 -> 350 | T13: =R13-S13 -> 424.19355 | U13: =U14+N13 -> 3704.5161 | V13: =V14+O13 -> 1817 | W13: =U13-V13 -> 1887.5161 | X13: =X14+R13 -> 22451.613 | Y13: =Y14+S13 -> 9450 | Z13: =X13-Y13 -> 13001.613 | AA13: =COS(ATAN(M13/S13)) -> 0.88200391
B14: 28 | C14: 701334 | D14: 1385761 | E14: 464924 | F14: =C14+D14+E14 -> 2552019 | G14: =(C15+D15+E15)+((S14/24)*7.5) -> 2551703.4 | H14: =G14+((K14/12)*1.5) -> 2551731.2 | I14: =I15+134 -> 807682 | J14: =C14-C15 -> 159 | K14: =D14-D15 -> 222 | L14: =E14-E15 -> 78 | M14: =I14-I15 -> 134 | N14: =N15 -> 127.74194 | O14: =L14 -> 78 | P14: =N14-O14 -> 49.741935 | Q14: =H14-G14 -> 27.75 | R14: =R15 -> 774.19355 | S14: =J14+K14+L14 -> 459 | T14: =R14-S14 -> 315.19355 | U14: =U15+N14 -> 3576.7742 | V14: =V15+O14 -> 1764 | W14: =U14-V14 -> 1812.7742 | X14: =X15+R14 -> 21677.419 | Y14: =Y15+S14 -> 9100 | Z14: =X14-Y14 -> 12577.419 | AA14: =COS(ATAN(M14/S14)) -> 0.9599297
B15: 27 | C15: =C16+139 -> 701175 | D15: =D16+211 -> 1385539 | E15: =E16+79 -> 464846 | F15: =C15+D15+E15 -> 2551560 | G15: =(C16+D16+E16)+((S15/24)*7.5) -> 2551265.1 | H15: =G15+((K15/12)*1.5) -> 2551291.4 | I15: =I16+183 -> 807548 | J15: =C15-C16 -> 139 | K15: =D15-D16 -> 211 | L15: =E15-E16 -> 79 | M15: =I15-I16 -> 183 | N15: =N16 -> 127.74194 | O15: =L15 -> 79 | P15: =N15-O15 -> 48.741935 | Q15: =H15-G15 -> 26.375 | R15: =R16 -> 774.19355 | S15: =J15+K15+L15 -> 429 | T15: =R15-S15 -> 345.19355 | U15: =U16+N15 -> 3449.0323 | V15: =V16+O15 -> 1686 | W15: =U15-V15 -> 1763.0323 | X15: =X16+R15 -> 20903.226 | Y15: =Y16+S15 -> 8641 | Z15: =X15-Y15 -> 12262.226 | AA15: =COS(ATAN(M15/S15)) -> 0.91980912
B16: 26 | C16: =C17+151 -> 701036 | D16: =D17+207 -> 1385328 | E16: =E17+73 -> 464767 | F16: =C16+D16+E16 -> 2551131 | G16: =(C17+D17+E17)+((S16/24)*7.5) -> 2550834.7 | H16: =G16+((K16/12)*1.5) -> 2550860.6 | I16: =I17+180 -> 807365 | J16: =C16-C17 -> 151 | K16: =D16-D17 -> 207 | L16: =E16-E17 -> 73 | M16: =I16-I17 -> 180 | N16: =N17 -> 127.74194 | O16: =L16 -> 73 | P16: =N16-O16 -> 54.741935 | Q16: =H16-G16 -> 25.875 | R16: =R17 -> 774.19355 | S16: =J16+K16+L16 -> 431 | T16: =R16-S16 -> 343.19355 | U16: =U17+N16 -> 3321.2903 | V16: =V17+O16 -> 1607 | W16: =U16-V16 -> 1714.2903 | X16: =X17+R16 -> 20129.032 | Y16: =Y17+S16 -> 8212 | Z16: =X16-Y16 -> 11917.032 | AA16: =COS(ATAN(M16/S16)) -> 0.9227599
B17: 25 | C17: =C18+133 -> 700885 | D17: =D18+199 -> 1385121 | E17: =E18+75 -> 464694 | F17: =C17+D17+E17 -> 2550700 | G17: =(C18+D18+E18)+((S17/24)*7.5) -> 2550420.2 | H17: =G17+((K17/12)*1.5) -> 2550445.1 | I17: =I18+139 -> 807185 | J17: =C17-C18 -> 133 | K17: =D17-D18 -> 199 | L17: =E17-E18 -> 75 | M17: =I17-I18 -> 139 | N17: =N18 -> 127.74194 | O17: =L17 -> 75 | P17: =N17-O17 -> 52.741935 | Q17: =H17-G17 -> 24.875 | R17: =R18 -> 774.19355 | S17: =J17+K17+L17 -> 407 | T17: =R17-S17 -> 367.19355 | U17: =U18+N17 -> 3193.5484 | V17: =V18+O17 -> 1534 | W17: =U17-V17 -> 1659.5484 | X17: =X18+R17 -> 19354.839 | Y17: =Y18+S17 -> 7781 | Z17: =X17-Y17 -> 11573.839 | AA17: =COS(ATAN(M17/S17)) -> 0.94633251
B18: 24 | C18: =C19+120 -> 700752 | D18: =D19+138 -> 1384922 | E18: =E19+76 -> 464619 | F18: =C18+D18+E18 -> 2550293 | G18: =(C19+D19+E19)+((S18/24)*7.5) -> 2550063.4 | H18: =G18+((K18/12)*1.5) -> 2550080.6 | I18: =I19+171 -> 807046 | J18: =C18-C19 -> 120 | K18: =D18-D19 -> 138 | L18: =E18-E19 -> 76 | M18: =I18-I19 -> 171 | N18: =N19 -> 127.74194 | O18: =L18 -> 76 | P18: =N18-O18 -> 51.741935 | Q18: =H18-G18 -> 17.25 | R18: =R19 -> 774.19355 | S18: =J18+K18+L18 -> 334 | T18: =R18-S18 -> 440.19355 | U18: =U19+N18 -> 3065.8065 | V18: =V19+O18 -> 1459 | W18: =U18-V18 -> 1606.8065 | X18: =X19+R18 -> 18580.645 | Y18: =Y19+S18 -> 7374 | Z18: =X18-Y18 -> 11206.645 | AA18: =COS(ATAN(M18/S18)) -> 0.89012247
B19: 23 | C19: =C20+100 -> 700632 | D19: =D20+110 -> 1384784 | E19: =E20+69 -> 464543 | F19: =C19+D19+E19 -> 2549959 | G19: =(C20+D20+E20)+((S19/24)*7.5) -> 2549767.2 | H19: =G19+((K19/12)*1.5) -> 2549780.9 | I19: =I20+147 -> 806875 | J19: =C19-C20 -> 100 | K19: =D19-D20 -> 110 | L19: =E19-E20 -> 69 | M19: =I19-I20 -> 147 | N19: =N20 -> 127.74194 | O19: =L19 -> 69 | P19: =N19-O19 -> 58.741935 | Q19: =H19-G19 -> 13.75 | R19: =R20 -> 774.19355 | S19: =J19+K19+L19 -> 279 | T19: =R19-S19 -> 495.19355 | U19: =U20+N19 -> 2938.0645 | V19: =V20+O19 -> 1383 | W19: =U19-V19 -> 1555.0645 | X19: =X20+R19 -> 17806.452 | Y19: =Y20+S19 -> 7040 | Z19: =X19-Y19 -> 10766.452 | AA19: =COS(ATAN(M19/S19)) -> 0.88471178
B20: 22 | C20: 700532 | D20: 1384674 | E20: 464474 | F20: =C20+D20+E20 -> 2549680 | G20: =(C21+D21+E21)+((S20/24)*7.5) -> 2549523.9 | H20: =G20+((K20/12)*1.5) -> 2549535.7 | I20: =I21+92 -> 806728 | J20: =C20-C21 -> 81 | K20: =D20-D21 -> 94 | L20: =E20-E21 -> 52 | M20: =I20-I21 -> 92 | N20: =N21 -> 127.74194 | O20: =L20 -> 52 | P20: =N20-O20 -> 75.741935 | Q20: =H20-G20 -> 11.75 | R20: =R21 -> 774.19355 | S20: =J20+K20+L20 -> 227 | T20: =R20-S20 -> 547.19355 | U20: =U21+N20 -> 2810.3226 | V20: =V21+O20 -> 1314 | W20: =U20-V20 -> 1496.3226 | X20: =X21+R20 -> 17032.258 | Y20: =Y21+S20 -> 6761 | Z20: =X20-Y20 -> 10271.258 | AA20: =COS(ATAN(M20/S20)) -> 0.92677768
B21: 21 | C21: =C22+85 -> 700451 | D21: =D22+80 -> 1384580 | E21: =E22+56 -> 464422 | F21: =C21+D21+E21 -> 2549453 | G21: =(C22+D22+E22)+((S21/24)*7.5) -> 2549301.1 | H21: =G21+((K21/12)*1.5) -> 2549311.1 | I21: =I22+75 -> 806636 | J21: =C21-C22 -> 85 | K21: =D21-D22 -> 80 | L21: =E21-E22 -> 56 | M21: =I21-I22 -> 75 | N21: =N22 -> 127.74194 | O21: =L21 -> 56 | P21: =N21-O21 -> 71.741935 | Q21: =H21-G21 -> 10 | R21: =R22 -> 774.19355 | S21: =J21+K21+L21 -> 221 | T21: =R21-S21 -> 553.19355 | U21: =U22+N21 -> 2682.5806 | V21: =V22+O21 -> 1262 | W21: =U21-V21 -> 1420.5806 | X21: =X22+R21 -> 16258.065 | Y21: =Y22+S21 -> 6534 | Z21: =X21-Y21 -> 9724.0645 | AA21: =COS(ATAN(M21/S21)) -> 0.94695542
B22: 20 | C22: =C23+78 -> 700366 | D22: =D23+99 -> 1384500 | E22: =E23+52 -> 464366 | F22: =C22+D22+E22 -> 2549232 | G22: =(C23+D23+E23)+((S22/24)*7.5) -> 2549074.6 | H22: =G22+((K22/12)*1.5) -> 2549086.9 | I22: =I23+96 -> 806561 | J22: =C22-C23 -> 78 | K22: =D22-D23 -> 99 | L22: =E22-E23 -> 52 | M22: =I22-I23 -> 96 | N22: =N23 -> 127.74194 | O22: =L22 -> 52 | P22: =N22-O22 -> 75.741935 | Q22: =H22-G22 -> 12.375 | R22: =R23 -> 774.19355 | S22: =J22+K22+L22 -> 229 | T22: =R22-S22 -> 545.19355 | U22: =U23+N22 -> 2554.8387 | V22: =V23+O22 -> 1206 | W22: =U22-V22 -> 1348.8387 | X22: =X23+R22 -> 15483.871 | Y22: =Y23+S22 -> 6313 | Z22: =X22-Y22 -> 9170.871 | AA22: =COS(ATAN(M22/S22)) -> 0.92224071
B23: 19 | C23: =C24+86 -> 700288 | D23: =D24+93 -> 1384401 | E23: =E24+57 -> 464314 | F23: =C23+D23+E23 -> 2549003 | G23: =(C24+D24+E24)+((S23/24)*7.5) -> 2548840.8 | H23: =G23+((K23/12)*1.5) -> 2548852.4 | I23: =I24+86 -> 806465 | J23: =C23-C24 -> 86 | K23: =D23-D24 -> 93 | L23: =E23-E24 -> 57 | M23: =I23-I24 -> 86 | N23: =N24 -> 127.74194 | O23: =L23 -> 57 | P23: =N23-O23 -> 70.741935 | Q23: =H23-G23 -> 11.625 | R23: =R24 -> 774.19355 | S23: =J23+K23+L23 -> 236 | T23: =R23-S23 -> 538.19355 | U23: =U24+N23 -> 2427.0968 | V23: =V24+O23 -> 1154 | W23: =U23-V23 -> 1273.0968 | X23: =X24+R23 -> 14709.677 | Y23: =Y24+S23 -> 6084 | Z23: =X23-Y23 -> 8625.6774 | AA23: =COS(ATAN(M23/S23)) -> 0.93956073
B24: 18 | C24: =C25+84 -> 700202 | D24: =D25+95 -> 1384308 | E24: =E25+54 -> 464257 | F24: =C24+D24+E24 -> 2548767 | G24: =(C25+D25+E25)+((S24/24)*7.5) -> 2548606.8 | H24: =G24+((K24/12)*1.5) -> 2548618.7 | I24: =I25+91 -> 806379 | J24: =C24-C25 -> 84 | K24: =D24-D25 -> 95 | L24: =E24-E25 -> 54 | M24: =I24-I25 -> 91 | N24: =N25 -> 127.74194 | O24: =L24 -> 54 | P24: =N24-O24 -> 73.741935 | Q24: =H24-G24 -> 11.875 | R24: =R25 -> 774.19355 | S24: =J24+K24+L24 -> 233 | T24: =R24-S24 -> 541.19355 | U24: =U25+N24 -> 2299.3548 | V24: =V25+O24 -> 1097 | W24: =U24-V24 -> 1202.3548 | X24: =X25+R24 -> 13935.484 | Y24: =Y25+S24 -> 5848 | Z24: =X24-Y24 -> 8087.4839 | AA24: =COS(ATAN(M24/S24)) -> 0.93147852
B25: 17 | C25: =C26+80 -> 700118 | D25: =D26+90 -> 1384213 | E25: =E26+51 -> 464203 | F25: =C25+D25+E25 -> 2548534 | G25: =(C26+D26+E26)+((S25/24)*7.5) -> 2548382.1 | H25: =G25+((K25/12)*1.5) -> 2548393.3 | I25: =I26+43 -> 806288 | J25: =C25-C26 -> 80 | K25: =D25-D26 -> 90 | L25: =E25-E26 -> 51 | M25: =I25-I26 -> 43 | N25: =N26 -> 127.74194 | O25: =L25 -> 51 | P25: =N25-O25 -> 76.741935 | Q25: =H25-G25 -> 11.25 | R25: =R26 -> 774.19355 | S25: =J25+K25+L25 -> 221 | T25: =R25-S25 -> 553.19355 | U25: =U26+N25 -> 2171.6129 | V25: =V26+O25 -> 1043 | W25: =U25-V25 -> 1128.6129 | X25: =X26+R25 -> 13161.29 | Y25: =Y26+S25 -> 5615 | Z25: =X25-Y25 -> 7546.2903 | AA25: =COS(ATAN(M25/S25)) -> 0.98159227
B26: 16 | C26: =C27+92 -> 700038 | D26: =D27+101 -> 1384123 | E26: =E27+55 -> 464152 | F26: =C26+D26+E26 -> 2548313 | G26: =(C27+D27+E27)+((S26/24)*7.5) -> 2548142.5 | H26: =G26+((K26/12)*1.5) -> 2548155.1 | I26: =I27+147 -> 806245 | J26: =C26-C27 -> 92 | K26: =D26-D27 -> 101 | L26: =E26-E27 -> 55 | M26: =I26-I27 -> 147 | N26: =N27 -> 127.74194 | O26: =L26 -> 55 | P26: =N26-O26 -> 72.741935 | Q26: =H26-G26 -> 12.625 | R26: =R27 -> 774.19355 | S26: =J26+K26+L26 -> 248 | T26: =R26-S26 -> 526.19355 | U26: =U27+N26 -> 2043.871 | V26: =V27+O26 -> 992 | W26: =U26-V26 -> 1051.871 | X26: =X27+R26 -> 12387.097 | Y26: =Y27+S26 -> 5394 | Z26: =X26-Y26 -> 6993.0968 | AA26: =COS(ATAN(M26/S26)) -> 0.86023518
B27: 15 | C27: =C28+90 -> 699946 | D27: =D28+161 -> 1384022 | E27: =E28+53 -> 464097 | F27: =C27+D27+E27 -> 2548065 | G27: =(C28+D28+E28)+((S27/24)*7.5) -> 2547856 | H27: =G27+((K27/12)*1.5) -> 2547876.1 | I27: =I28+149 -> 806098 | J27: =C27-C28 -> 90 | K27: =D27-D28 -> 161 | L27: =E27-E28 -> 53 | M27: =I27-I28 -> 149 | N27: =N28 -> 127.74194 | O27: =L27 -> 53 | P27: =N27-O27 -> 74.741935 | Q27: =H27-G27 -> 20.125 | R27: =R28 -> 774.19355 | S27: =J27+K27+L27 -> 304 | T27: =R27-S27 -> 470.19355 | U27: =U28+N27 -> 1916.129 | V27: =V28+O27 -> 937 | W27: =U27-V27 -> 979.12903 | X27: =X28+R27 -> 11612.903 | Y27: =Y28+S27 -> 5146 | Z27: =X27-Y27 -> 6466.9032 | AA27: =COS(ATAN(M27/S27)) -> 0.89794361
B28: 14 | C28: =C29+114 -> 699856 | D28: =D29+201 -> 1383861 | E28: =E29+80 -> 464044 | F28: =C28+D28+E28 -> 2547761 | G28: =(C29+D29+E29)+((S28/24)*7.5) -> 2547489.4 | H28: =G28+((K28/12)*1.5) -> 2547514.6 | I28: =I29+171 -> 805949 | J28: =C28-C29 -> 114 | K28: =D28-D29 -> 201 | L28: =E28-E29 -> 80 | M28: =I28-I29 -> 171 | N28: =N29 -> 127.74194 | O28: =L28 -> 80 | P28: =N28-O28 -> 47.741935 | Q28: =H28-G28 -> 25.125 | R28: =R29 -> 774.19355 | S28: =J28+K28+L28 -> 395 | T28: =R28-S28 -> 379.19355 | U28: =U29+N28 -> 1788.3871 | V28: =V29+O28 -> 884 | W28: =U28-V28 -> 904.3871 | X28: =X29+R28 -> 10838.71 | Y28: =Y29+S28 -> 4842 | Z28: =X28-Y28 -> 5996.7097 | AA28: =COS(ATAN(M28/S28)) -> 0.91769683
B29: 13 | C29: 699742 | D29: 1383660 | E29: 463964 | F29: =C29+D29+E29 -> 2547366 | G29: =(C30+D30+E30)+((S29/24)*7.5) -> 2547097.2 | H29: =G29+((K29/12)*1.5) -> 2547123.1 | I29: 805778 | J29: =C29-C30 -> 106 | K29: =D29-D30 -> 207 | L29: =E29-E30 -> 78 | M29: =I29-I30 -> 74 | N29: =N30 -> 127.74194 | O29: =L29 -> 78 | P29: =N29-O29 -> 49.741935 | Q29: =H29-G29 -> 25.875 | R29: =R30 -> 774.19355 | S29: =J29+K29+L29 -> 391 | T29: =R29-S29 -> 383.19355 | U29: =U30+N29 -> 1660.6452 | V29: =V30+O29 -> 804 | W29: =U29-V29 -> 856.64516 | X29: =X30+R29 -> 10064.516 | Y29: =Y30+S29 -> 4447 | Z29: =X29-Y29 -> 5617.5161 | AA29: =COS(ATAN(M29/S29)) -> 0.98255784
B30: 12 | C30: =C31+104 -> 699636 | D30: =D31+202 -> 1383453 | E30: =E31+74 -> 463886 | F30: =C30+D30+E30 -> 2546975 | G30: =(C31+D31+E31)+((S30/24)*7.5) -> 2546713.8 | H30: =G30+((K30/12)*1.5) -> 2546739 | I30: =I31+68 -> 805704 | J30: =C30-C31 -> 104 | K30: =D30-D31 -> 202 | L30: =E30-E31 -> 74 | M30: =I30-I31 -> 68 | N30: =N31 -> 127.74194 | O30: =L30 -> 74 | P30: =N30-O30 -> 53.741935 | Q30: =H30-G30 -> 25.25 | R30: =R31 -> 774.19355 | S30: =J30+K30+L30 -> 380 | T30: =R30-S30 -> 394.19355 | U30: =U31+N30 -> 1532.9032 | V30: =V31+O30 -> 726 | W30: =U30-V30 -> 806.90323 | X30: =X31+R30 -> 9290.3226 | Y30: =Y31+S30 -> 4056 | Z30: =X30-Y30 -> 5234.3226 | AA30: =COS(ATAN(M30/S30)) -> 0.98436347
B31: 11 | C31: =C32+103 -> 699532 | D31: =D32+200 -> 1383251 | E31: =E32+73 -> 463812 | F31: =C31+D31+E31 -> 2546595 | G31: =(C32+D32+E32)+((S31/24)*7.5) -> 2546336.5 | H31: =G31+((K31/12)*1.5) -> 2546361.5 | I31: =I32+63 -> 805636 | J31: =C31-C32 -> 103 | K31: =D31-D32 -> 200 | L31: =E31-E32 -> 73 | M31: =I31-I32 -> 63 | N31: =N32 -> 127.74194 | O31: =L31 -> 73 | P31: =N31-O31 -> 54.741935 | Q31: =H31-G31 -> 25 | R31: =R32 -> 774.19355 | S31: =J31+K31+L31 -> 376 | T31: =R31-S31 -> 398.19355 | U31: =U32+N31 -> 1405.1613 | V31: =V32+O31 -> 652 | W31: =U31-V31 -> 753.16129 | X31: =X32+R31 -> 8516.129 | Y31: =Y32+S31 -> 3676 | Z31: =X31-Y31 -> 4840.129 | AA31: =COS(ATAN(M31/S31)) -> 0.98625177
B32: 10 | C32: =C33+100 -> 699429 | D32: =D33+196 -> 1383051 | E32: =E33+71 -> 463739 | F32: =C32+D32+E32 -> 2546219 | G32: =(C33+D33+E33)+((S32/24)*7.5) -> 2545966.7 | H32: =G32+((K32/12)*1.5) -> 2545991.2 | I32: =I33+70 -> 805573 | J32: =C32-C33 -> 100 | K32: =D32-D33 -> 196 | L32: =E32-E33 -> 71 | M32: =I32-I33 -> 70 | N32: =N33 -> 127.74194 | O32: =L32 -> 71 | P32: =N32-O32 -> 56.741935 | Q32: =H32-G32 -> 24.5 | R32: =R33 -> 774.19355 | S32: =J32+K32+L32 -> 367 | T32: =R32-S32 -> 407.19355 | U32: =U33+N32 -> 1277.4194 | V32: =V33+O32 -> 579 | W32: =U32-V32 -> 698.41935 | X32: =X33+R32 -> 7741.9355 | Y32: =Y33+S32 -> 3300 | Z32: =X32-Y32 -> 4441.9355 | AA32: =COS(ATAN(M32/S32)) -> 0.98229168
B33: 9 | C33: =C34+97 -> 699329 | D33: =D34+190 -> 1382855 | E33: =E34+66 -> 463668 | F33: =C33+D33+E33 -> 2545852 | G33: =(C34+D34+E34)+((S33/24)*7.5) -> 2545609.3 | H33: =G33+((K33/12)*1.5) -> 2545633.1 | I33: =I34+67 -> 805503 | J33: =C33-C34 -> 97 | K33: =D33-D34 -> 190 | L33: =E33-E34 -> 66 | M33: =I33-I34 -> 67 | N33: =N34 -> 127.74194 | O33: =L33 -> 66 | P33: =N33-O33 -> 61.741935 | Q33: =H33-G33 -> 23.75 | R33: =R34 -> 774.19355 | S33: =J33+K33+L33 -> 353 | T33: =R33-S33 -> 421.19355 | U33: =U34+N33 -> 1149.6774 | V33: =V34+O33 -> 508 | W33: =U33-V33 -> 641.67742 | X33: =X34+R33 -> 6967.7419 | Y33: =Y34+S33 -> 2933 | Z33: =X33-Y33 -> 4034.7419 | AA33: =COS(ATAN(M33/S33)) -> 0.98246016
B34: 8 | C34: =C35+102 -> 699232 | D34: =D35+183 -> 1382665 | E34: =E35+64 -> 463602 | F34: =C34+D34+E34 -> 2545499 | G34: =(C35+D35+E35)+((S34/24)*7.5) -> 2545259.1 | H34: =G34+((K34/12)*1.5) -> 2545281.9 | I34: =I35+65 -> 805436 | J34: =C34-C35 -> 102 | K34: =D34-D35 -> 183 | L34: =E34-E35 -> 64 | M34: =I34-I35 -> 65 | N34: =N35 -> 127.74194 | O34: =L34 -> 64 | P34: =N34-O34 -> 63.741935 | Q34: =H34-G34 -> 22.875 | R34: =R35 -> 774.19355 | S34: =J34+K34+L34 -> 349 | T34: =R34-S34 -> 425.19355 | U34: =U35+N34 -> 1021.9355 | V34: =V35+O34 -> 442 | W34: =U34-V34 -> 579.93548 | X34: =X35+R34 -> 6193.5484 | Y34: =Y35+S34 -> 2580 | Z34: =X34-Y34 -> 3613.5484 | AA34: =COS(ATAN(M34/S34)) -> 0.98309469
B35: 7 | C35: 699130 | D35: 1382482 | E35: 463538 | F35: =C35+D35+E35 -> 2545150 | G35: =(C36+D36+E36)+((S35/24)*7.5) -> 2544908 | H35: =G35+((K35/12)*1.5) -> 2544930.1 | I35: 805371 | J35: =C35-C36 -> 115 | K35: =D35-D36 -> 177 | L35: =E35-E36 -> 60 | M35: =I35-I36 -> 63 | N35: =N36 -> 127.74194 | O35: =L35 -> 60 | P35: =N35-O35 -> 67.741935 | Q35: =H35-G35 -> 22.125 | R35: =R36 -> 774.19355 | S35: =J35+K35+L35 -> 352 | T35: =R35-S35 -> 422.19355 | U35: =U36+N35 -> 894.19355 | V35: =V36+O35 -> 378 | W35: =U35-V35 -> 516.19355 | X35: =X36+R35 -> 5419.3548 | Y35: =Y36+S35 -> 2231 | Z35: =X35-Y35 -> 3188.3548 | AA35: =COS(ATAN(M35/S35)) -> 0.98435837
B36: 6 | C36: =C37+107 -> 699015 | D36: =D37+176 -> 1382305 | E36: =E37+58 -> 463478 | F36: =C36+D36+E36 -> 2544798 | G36: =(C37+D37+E37)+((S36/24)*7.5) -> 2544563.6 | H36: =G36+((K36/12)*1.5) -> 2544585.6 | I36: =I37+65 -> 805308 | J36: =C36-C37 -> 107 | K36: =D36-D37 -> 176 | L36: =E36-E37 -> 58 | M36: =I36-I37 -> 65 | N36: =N37 -> 127.74194 | O36: =L36 -> 58 | P36: =N36-O36 -> 69.741935 | Q36: =H36-G36 -> 22 | R36: =R37 -> 774.19355 | S36: =J36+K36+L36 -> 341 | T36: =R36-S36 -> 433.19355 | U36: =U37+N36 -> 766.45161 | V36: =V37+O36 -> 318 | W36: =U36-V36 -> 448.45161 | X36: =X37+R36 -> 4645.1613 | Y36: =Y37+S36 -> 1879 | Z36: =X36-Y36 -> 2766.1613 | AA36: =COS(ATAN(M36/S36)) -> 0.98231334
B37: 5 | C37: =C38+99 -> 698908 | D37: =D38+173 -> 1382129 | E37: =E38+55 -> 463420 | F37: =C37+D37+E37 -> 2544457 | G37: =(C38+D38+E38)+((S37/24)*7.5) -> 2544232.2 | H37: =G37+((K37/12)*1.5) -> 2544253.8 | I37: =I38+62 -> 805243 | J37: =C37-C38 -> 99 | K37: =D37-D38 -> 173 | L37: =E37-E38 -> 55 | M37: =I37-I38 -> 62 | N37: =N38 -> 127.74194 | O37: =L37 -> 55 | P37: =N37-O37 -> 72.741935 | Q37: =H37-G37 -> 21.625 | R37: =R38 -> 774.19355 | S37: =J37+K37+L37 -> 327 | T37: =R37-S37 -> 447.19355 | U37: =U38+N37 -> 638.70968 | V37: =V38+O37 -> 260 | W37: =U37-V37 -> 378.70968 | X37: =X38+R37 -> 3870.9677 | Y37: =Y38+S37 -> 1538 | Z37: =X37-Y37 -> 2332.9677 | AA37: =COS(ATAN(M37/S37)) -> 0.98249601
B38: 4 | C38: =C39+97 -> 698809 | D38: =D39+171 -> 1381956 | E38: =E39+54 -> 463365 | F38: =C38+D38+E38 -> 2544130 | G38: =(C39+D39+E39)+((S38/24)*7.5) -> 2543908.6 | H38: =G38+((K38/12)*1.5) -> 2543930 | I38: =I39+63 -> 805181 | J38: =C38-C39 -> 97 | K38: =D38-D39 -> 171 | L38: =E38-E39 -> 54 | M38: =I38-I39 -> 63 | N38: =N39 -> 127.74194 | O38: =L38 -> 54 | P38: =N38-O38 -> 73.741935 | Q38: =H38-G38 -> 21.375 | R38: =R39 -> 774.19355 | S38: =J38+K38+L38 -> 322 | T38: =R38-S38 -> 452.19355 | U38: =U39+N38 -> 510.96774 | V38: =V39+O38 -> 205 | W38: =U38-V38 -> 305.96774 | X38: =X39+R38 -> 3096.7742 | Y38: =Y39+S38 -> 1211 | Z38: =X38-Y38 -> 1885.7742 | AA38: =COS(ATAN(M38/S38)) -> 0.98139265
B39: 3 | C39: =C40+90 -> 698712 | D39: =D40+165 -> 1381785 | E39: =E40+50 -> 463311 | F39: =C39+D39+E39 -> 2543808 | G39: =(C40+D40+E40)+((S39/24)*7.5) -> 2543598.3 | H39: =G39+((K39/12)*1.5) -> 2543618.9 | I39: =I40+61 -> 805118 | J39: =C39-C40 -> 90 | K39: =D39-D40 -> 165 | L39: =E39-E40 -> 50 | M39: =I39-I40 -> 61 | N39: =N40 -> 127.74194 | O39: =L39 -> 50 | P39: =N39-O39 -> 77.741935 | Q39: =H39-G39 -> 20.625 | R39: =R40 -> 774.19355 | S39: =J39+K39+L39 -> 305 | T39: =R39-S39 -> 469.19355 | U39: =U40+N39 -> 383.22581 | V39: =V40+O39 -> 151 | W39: =U39-V39 -> 232.22581 | X39: =X40+R39 -> 2322.5806 | Y39: =Y40+S39 -> 889 | Z39: =X39-Y39 -> 1433.5806 | AA39: =COS(ATAN(M39/S39)) -> 0.98058068
B40: 2 | C40: =C41+87 -> 698622 | D40: =D41+157 -> 1381620 | E40: =E41+51 -> 463261 | F40: =C40+D40+E40 -> 2543503 | G40: =(C41+D41+E41)+((S40/24)*7.5) -> 2543300.2 | H40: =G40+((K40/12)*1.5) -> 2543319.8 | I40: =I41+57 -> 805057 | J40: =C40-C41 -> 87 | K40: =D40-D41 -> 157 | L40: =E40-E41 -> 51 | M40: =I40-I41 -> 57 | N40: =N41 -> 127.74194 | O40: =L40 -> 51 | P40: =N40-O40 -> 76.741935 | Q40: =H40-G40 -> 19.625 | R40: =R41 -> 774.19355 | S40: =J40+K40+L40 -> 295 | T40: =R40-S40 -> 479.19355 | U40: =U41+N40 -> 255.48387 | V40: =V41+O40 -> 101 | W40: =U40-V40 -> 154.48387 | X40: =X41+R40 -> 1548.3871 | Y40: =Y41+S40 -> 584 | Z40: =X40-Y40 -> 964.3871 | AA40: =COS(ATAN(M40/S40)) -> 0.98183989
B41: 1 | C41: =C42+85 -> 698535 | D41: =D42+154 -> 1381463 | E41: =E42+50 -> 463210 | F41: =C41+D41+E41 -> 2543208 | G41: =(C42+D42+E42)+((S41/24)*7.5) -> 2543009.3 | H41: =G41+((K41/12)*1.5) -> 2543028.6 | I41: =I42+58 -> 805000 | J41: =C41-C42 -> 85 | K41: =D41-D42 -> 154 | L41: =E41-E42 -> 50 | M41: =I41-I42 -> 58 | N41: =O6/31 -> 127.74194 | O41: =L41 -> 50 | P41: =N41-O41 -> 77.741935 | Q41: =H41-G41 -> 19.25 | R41: =S6/31 -> 774.19355 | S41: =J41+K41+L41 -> 289 | T41: =R41-S41 -> 485.19355 | U41: =N41 -> 127.74194 | V41: =O41 -> 50 | W41: =U41-V41 -> 77.741935 | X41: =R41 -> 774.19355 | Y41: =S41 -> 289 | Z41: =X41-Y41 -> 485.19355 | AA41: =COS(ATAN(M41/S41)) -> 0.98044998
B42: cierre mes anterior | C42: 698450 | D42: 1381309 | E42: 463160 | F42: 2542919 | G42: 2542780.6 | H42: 2542805.2 | I42: 804942 | M42: =SUM(M11:M41) -> 3174 | AA42: =AVERAGE(AA11:AA41) -> 0.94066814
Z48: Aprobado:
Z49: Ms.C. Jorge Luis García Santana
Z50: Director General
Z51: Universidad Camaguey

Sheet A.Cultural
G2: ANEXO No. 1.
G3: TABLA 1A
G4: Cumplimiento del plan de consumo de energía eléctrica total, mes: | N4: ='Ciencia A'!N4 -> 45658
C5: SRVICIO: AREA CULTURAL | U5: total | V5: diaria
N6: Plan Pico N | O6: =S6*16.5% -> 4290 | P6: Plan Pico D | Q6: =(S6*8)/100 -> 2080 | R6: PLAN MES | S6: 26000 | T6: Perdidas: | U6: 384 | V6: =U6/31 -> 12.387097
B7: Día | C7: Lectura del contador | J7: Consumo diario kWh y kvarh | N7: Consumo diario Pico nocturno kWh | Q7: Consumo diario pico Diurno kWh | R7: Consumo diario total kWh | U7: Consumo acumulado Pico kWh | X7: Consumo acumulado Total kWh | AB7: Firma Responsable
C8: MAD | D8: DIA | E8: PICO | F8: TOTAL | G8: Pico Diurno 11 am | H8: Pico Diurno 1 pm | I8: REACT | J8: MAD | K8: DIA | L8: PICO | M8: REACT | N8: Plan Pico | O8: Real Pico | P8: Plan - Real | R8: Plan | S8: Real | T8: Plan - Real | U8: Plan Pico | V8: Real Pico | W8: Plan - Real | X8: Plan | Y8: Real | Z8: Plan - Real | AA8: FP
C9: 1 | D9: 2 | E9: 3 | G9: 4 | H9: 5 | I9: 6 | J9: 7 | K9: 8 | L9: 9 | M9: 10 | N9: 11 | O9: 12 | P9: 13 | Q9: 14 | R9: 15 | S9: 16 | T9: 17 | U9: 18 | V9: 19 | W9: 20 | X9: 21 | Y9: 22 | Z9: 23 | AA9: 24 | AB9: 25
B11: 31 | C11: 477957 | D11: 636930 | E11: 417223 | F11: =C11+D11+E11 -> 1532110 | G11: =(C12+D12+E12)+((S11/24)*9.5) -> 1531912.4 | H11: =G11+((K11/12)*2.5) -> 1531931.6 | I11: 289115 | J11: =C11-C12 -> 177 | K11: =D11-D12 -> 92 | L11: =E11-E12 -> 58 | M11: =I11-I12 -> 34 | N11: =N12 -> 138.3871 | O11: =L11 -> 58 | P11: =N11-O11 -> 80.387097 | Q11: =H11-G11 -> 19.166667 | R11: =R12 -> 838.70968 | S11: =J11+K11+L11 -> 327 | T11: =R11-S11 -> 511.70968 | U11: =U12+N11 -> 4290 | V11: =V12+O11 -> 3047 | W11: =U11-V11 -> 1243 | X11: =X12+R11 -> 26000 | Y11: =Y12+S11 -> 11714 | Z11: =X11-Y11 -> 14286 | AA11: =COS(ATAN(M11/S11)) -> 0.99463798
B12: 30 | C12: =C13+230 -> 477780 | D12: 636838 | E12: =E13+55 -> 417165 | F12: =C12+D12+E12 -> 1531783 | G12: =(C13+D13+E13)+((S12/24)*5) -> 1531514.6 | H12: =G12+((K12/12)*3) -> 1531528.1 | I12: 289081 | J12: =C12-C13 -> 230 | K12: =D12-D13 -> 54 | L12: =E12-E13 -> 55 | M12: =I12-I13 -> 37 | N12: =N13 -> 138.3871 | O12: =L12 -> 55 | P12: =N12-O12 -> 83.387097 | Q12: =H12-G12 -> 13.5 | R12: =R13 -> 838.70968 | S12: =J12+K12+L12 -> 339 | T12: =R12-S12 -> 499.70968 | U12: =U13+N12 -> 4151.6129 | V12: =V13+O12 -> 2989 | W12: =U12-V12 -> 1162.6129 | X12: =X13+R12 -> 25161.29 | Y12: =Y13+S12 -> 11387 | Z12: =X12-Y12 -> 13774.29 | AA12: =COS(ATAN(M12/S12)) -> 0.99409643
B13: 29 | C13: =C14+184 -> 477550 | D13: =D14+133 -> 636784 | E13: =E14+57 -> 417110 | F13: =C13+D13+E13 -> 1531444 | G13: =(C14+D14+E14)+((S13/24)*5) -> 1531147.9 | H13: =G13+((K13/12)*3) -> 1531181.2 | I13: =I14+71 -> 289044 | J13: =C13-C14 -> 184 | K13: =D13-D14 -> 133 | L13: =E13-E14 -> 57 | M13: =I13-I14 -> 71 | N13: =N14 -> 138.3871 | O13: =L13 -> 57 | P13: =N13-O13 -> 81.387097 | Q13: =H13-G13 -> 33.25 | R13: =R14 -> 838.70968 | S13: =J13+K13+L13 -> 374 | T13: =R13-S13 -> 464.70968 | U13: =U14+N13 -> 4013.2258 | V13: =V14+O13 -> 2934 | W13: =U13-V13 -> 1079.2258 | X13: =X14+R13 -> 24322.581 | Y13: =Y14+S13 -> 11048 | Z13: =X13-Y13 -> 13274.581 | AA13: =COS(ATAN(M13/S13)) -> 0.98245334
B14: 28 | C14: 477366 | D14: 636651 | E14: 417053 | F14: =C14+D14+E14 -> 1531070 | G14: =(C15+D15+E15)+((S14/24)*5) -> 1530770.8 | H14: =G14+((K14/12)*3) -> 1530808.8 | I14: 288973 | J14: =C14-C15 -> 152 | K14: =D14-D15 -> 152 | L14: =E14-E15 -> 74 | M14: =I14-I15 -> 60 | N14: =N15 -> 138.3871 | O14: =L14 -> 74 | P14: =N14-O14 -> 64.387097 | Q14: =H14-G14 -> 38 | R14: =R15 -> 838.70968 | S14: =J14+K14+L14 -> 378 | T14: =R14-S14 -> 460.70968 | U14: =U15+N14 -> 3874.8387 | V14: =V15+O14 -> 2877 | W14: =U14-V14 -> 997.83871 | X14: =X15+R14 -> 23483.871 | Y14: =Y15+S14 -> 10674 | Z14: =X14-Y14 -> 12809.871 | AA14: =COS(ATAN(M14/S14)) -> 0.98763553
B15: 27 | C15: =C16+151 -> 477214 | D15: =D16+144 -> 636499 | E15: =E16+75 -> 416979 | F15: =C15+D15+E15 -> 1530692 | G15: =(C16+D16+E16)+((S15/24)*5) -> 1530399.1 | H15: =G15+((K15/12)*3) -> 1530435.1 | I15: =I16+58 -> 288913 | J15: =C15-C16 -> 151 | K15: =D15-D16 -> 144 | L15: =E15-E16 -> 75 | M15: =I15-I16 -> 58 | N15: =N16 -> 138.3871 | O15: =L15 -> 75 | P15: =N15-O15 -> 63.387097 | Q15: =H15-G15 -> 36 | R15: =R16 -> 838.70968 | S15: =J15+K15+L15 -> 370 | T15: =R15-S15 -> 468.70968 | U15: =U16+N15 -> 3736.4516 | V15: =V16+O15 -> 2803 | W15: =U15-V15 -> 933.45161 | X15: =X16+R15 -> 22645.161 | Y15: =Y16+S15 -> 10296 | Z15: =X15-Y15 -> 12349.161 | AA15: =COS(ATAN(M15/S15)) -> 0.98793555
B16: 26 | C16: =C17+148 -> 477063 | D16: =D17+137 -> 636355 | E16: =E17+72 -> 416904 | F16: =C16+D16+E16 -> 1530322 | G16: =(C17+D17+E17)+((S16/24)*5) -> 1530039.4 | H16: =G16+((K16/12)*3) -> 1530073.6 | I16: =I17+61 -> 288855 | J16: =C16-C17 -> 148 | K16: =D16-D17 -> 137 | L16: =E16-E17 -> 72 | M16: =I16-I17 -> 61 | N16: =N17 -> 138.3871 | O16: =L16 -> 72 | P16: =N16-O16 -> 66.387097 | Q16: =H16-G16 -> 34.25 | R16: =R17 -> 838.70968 | S16: =J16+K16+L16 -> 357 | T16: =R16-S16 -> 481.70968 | U16: =U17+N16 -> 3598.0645 | V16: =V17+O16 -> 2728 | W16: =U16-V16 -> 870.06452 | X16: =X17+R16 -> 21806.452 | Y16: =Y17+S16 -> 9926 | Z16: =X16-Y16 -> 11880.452 | AA16: =COS(ATAN(M16/S16)) -> 0.98571407
B17: 25 | C17: =C18+159 -> 476915 | D17: =D18+140 -> 636218 | E17: =E18+69 -> 416832 | F17: =C17+D17+E17 -> 1529965 | G17: =(C18+D18+E18)+((S17/24)*5) -> 1529673.7 | H17: =G17+((K17/12)*3) -> 1529708.7 | I17: =I18+56 -> 288794 | J17: =C17-C18 -> 159 | K17: =D17-D18 -> 140 | L17: =E17-E18 -> 69 | M17: =I17-I18 -> 56 | N17: =N18 -> 138.3871 | O17: =L17 -> 69 | P17: =N17-O17 -> 69.387097 | Q17: =H17-G17 -> 35 | R17: =R18 -> 838.70968 | S17: =J17+K17+L17 -> 368 | T17: =R17-S17 -> 470.70968 | U17: =U18+N17 -> 3459.6774 | V17: =V18+O17 -> 2656 | W17: =U17-V17 -> 803.67742 | X17: =X18+R17 -> 20967.742 | Y17: =Y18+S17 -> 9569 | Z17: =X17-Y17 -> 11398.742 | AA17: =COS(ATAN(M17/S17)) -> 0.98861884
B18: 24 | C18: =C19+154 -> 476756 | D18: =D19+145 -> 636078 | E18: =E19+90 -> 416763 | F18: =C18+D18+E18 -> 1529597 | G18: =(C19+D19+E19)+((S18/24)*5) -> 1529289 | H18: =G18+((K18/12)*3) -> 1529325.3 | I18: =I19+54 -> 288738 | J18: =C18-C19 -> 154 | K18: =D18-D19 -> 145 | L18: =E18-E19 -> 90 | M18: =I18-I19 -> 54 | N18: =N19 -> 138.3871 | O18: =L18 -> 90 | P18: =N18-O18 -> 48.387097 | Q18: =H18-G18 -> 36.25 | R18: =R19 -> 838.70968 | S18: =J18+K18+L18 -> 389 | T18: =R18-S18 -> 449.70968 | U18: =U19+N18 -> 3321.2903 | V18: =V19+O18 -> 2587 | W18: =U18-V18 -> 734.29032 | X18: =X19+R18 -> 20129.032 | Y18: =Y19+S18 -> 9201 | Z18: =X18-Y18 -> 10928.032 | AA18: =COS(ATAN(M18/S18)) -> 0.99050191
B19: 23 | C19: =C20+162 -> 476602 | D19: =D20+150 -> 635933 | E19: =E20+75 -> 416673 | F19: =C19+D19+E19 -> 1529208 | G19: =(C20+D20+E20)+((S19/24)*5) -> 1528901.6 | H19: =G19+((K19/12)*3) -> 1528939.1 | I19: =I20+57 -> 288684 | J19: =C19-C20 -> 162 | K19: =D19-D20 -> 150 | L19: =E19-E20 -> 75 | M19: =I19-I20 -> 57 | N19: =N20 -> 138.3871 | O19: =L19 -> 75 | P19: =N19-O19 -> 63.387097 | Q19: =H19-G19 -> 37.5 | R19: =R20 -> 838.70968 | S19: =J19+K19+L19 -> 387 | T19: =R19-S19 -> 451.70968 | U19: =U20+N19 -> 3182.9032 | V19: =V20+O19 -> 2497 | W19: =U19-V19 -> 685.90323 | X19: =X20+R19 -> 19290.323 | Y19: =Y20+S19 -> 8812 | Z19: =X19-Y19 -> 10478.323 | AA19: =COS(ATAN(M19/S19)) -> 0.98932664
B20: 22 | C20: 476440 | D20: 635783 | E20: 416598 | F20: =C20+D20+E20 -> 1528821 | G20: =(C21+D21+E21)+((S20/24)*5) -> 1528453.7 | H20: =G20+((K20/12)*3) -> 1528497.4 | I20: 288627 | J20: =C20-C21 -> 177 | K20: =D20-D21 -> 175 | L20: =E20-E21 -> 112 | M20: =I20-I21 -> 64 | N20: =N21 -> 138.3871 | O20: =L20 -> 112 | P20: =N20-O20 -> 26.387097 | Q20: =H20-G20 -> 43.75 | R20: =R21 -> 838.70968 | S20: =J20+K20+L20 -> 464 | T20: =R20-S20 -> 374.70968 | U20: =U21+N20 -> 3044.5161 | V20: =V21+O20 -> 2422 | W20: =U20-V20 -> 622.51613 | X20: =X21+R20 -> 18451.613 | Y20: =Y21+S20 -> 8425 | Z20: =X20-Y20 -> 10026.613 | AA20: =COS(ATAN(M20/S20)) -> 0.99062113
B21: 21 | C21: =C22+170 -> 476263 | D21: =D22+164 -> 635608 | E21: =E22+110 -> 416486 | F21: =C21+D21+E21 -> 1528357 | G21: =(C22+D22+E22)+((S21/24)*5) -> 1528005.5 | H21: =G21+((K21/12)*3) -> 1528046.5 | I21: =I22+63 -> 288563 | J21: =C21-C22 -> 170 | K21: =D21-D22 -> 164 | L21: =E21-E22 -> 110 | M21: =I21-I22 -> 63 | N21: =N22 -> 138.3871 | O21: =L21 -> 110 | P21: =N21-O21 -> 28.387097 | Q21: =H21-G21 -> 41 | R21: =R22 -> 838.70968 | S21: =J21+K21+L21 -> 444 | T21: =R21-S21 -> 394.70968 | U21: =U22+N21 -> 2906.129 | V21: =V22+O21 -> 2310 | W21: =U21-V21 -> 596.12903 | X21: =X22+R21 -> 17612.903 | Y21: =Y22+S21 -> 7961 | Z21: =X21-Y21 -> 9651.9032 | AA21: =COS(ATAN(M21/S21)) -> 0.99008285
B22: 20 | C22: =C23+166 -> 476093 | D22: =D23+168 -> 635444 | E22: =E23+109 -> 416376 | F22: =C22+D22+E22 -> 1527913 | G22: =(C23+D23+E23)+((S22/24)*5) -> 1527562.3 | H22: =G22+((K22/12)*3) -> 1527604.3 | I22: =I23+64 -> 288500 | J22: =C22-C23 -> 166 | K22: =D22-D23 -> 168 | L22: =E22-E23 -> 109 | M22: =I22-I23 -> 64 | N22: =N23 -> 138.3871 | O22: =L22 -> 109 | P22: =N22-O22 -> 29.387097 | Q22: 11 | R22: =R23 -> 838.70968 | S22: =J22+K22+L22 -> 443 | T22: =R22-S22 -> 395.70968 | U22: =U23+N22 -> 2767.7419 | V22: =V23+O22 -> 2200 | W22: =U22-V22 -> 567.74194 | X22: =X23+R22 -> 16774.194 | Y22: =Y23+S22 -> 7517 | Z22: =X22-Y22 -> 9257.1935 | AA22: =COS(ATAN(M22/S22)) -> 0.98972484
B23: 19 | C23: =C24+171 -> 475927 | D23: =D24+165 -> 635276 | E23: =E24+117 -> 416267 | F23: =C23+D23+E23 -> 1527470 | G23: =(C24+D24+E24)+((S23/24)*5) -> 1527111.4 | H23: =G23+((K23/12)*3) -> 1527152.6 | I23: =I24+65 -> 288436 | J23: =C23-C24 -> 171 | K23: =D23-D24 -> 165 | L23: =E23-E24 -> 117 | M23: =I23-I24 -> 65 | N23: =N24 -> 138.3871 | O23: =L23 -> 117 | P23: =N23-O23 -> 21.387097 | Q23: =H23-G23 -> 41.25 | R23: =R24 -> 838.70968 | S23: =J23+K23+L23 -> 453 | T23: =R23-S23 -> 385.70968 | U23: =U24+N23 -> 2629.3548 | V23: =V24+O23 -> 2091 | W23: =U23-V23 -> 538.35484 | X23: =X24+R23 -> 15935.484 | Y23: =Y24+S23 -> 7074 | Z23: =X23-Y23 -> 8861.4839 | AA23: =COS(ATAN(M23/S23)) -> 0.9898619
B24: 18 | C24: =C25+165 -> 475756 | D24: =D25+167 -> 635111 | E24: =E25+101 -> 416150 | F24: =C24+D24+E24 -> 1527017 | G24: =(C25+D25+E25)+((S24/24)*5) -> 1526674.2 | H24: =G24+((K24/12)*3) -> 1526716 | I24: =I25+62 -> 288371 | J24: =C24-C25 -> 165 | K24: =D24-D25 -> 167 | L24: =E24-E25 -> 101 | M24: =I24-I25 -> 62 | N24: =N25 -> 138.3871 | O24: =L24 -> 101 | P24: =N24-O24 -> 37.387097 | Q24: 10 | R24: =R25 -> 838.70968 | S24: =J24+K24+L24 -> 433 | T24: =R24-S24 -> 405.70968 | U24: =U25+N24 -> 2490.9677 | V24: =V25+O24 -> 1974 | W24: =U24-V24 -> 516.96774 | X24: =X25+R24 -> 15096.774 | Y24: =Y25+S24 -> 6621 | Z24: =X24-Y24 -> 8475.7742 | AA24: =COS(ATAN(M24/S24)) -> 0.98990372
B25: 17 | C25: =C26+169 -> 475591 | D25: =D26+169 -> 634944 | E25: =E26+113 -> 416049 | F25: =C25+D25+E25 -> 1526584 | G25: =(C26+D26+E26)+((S25/24)*5) -> 1526227 | H25: =G25+((K25/12)*3) -> 1526269.2 | I25: =I26+60 -> 288309 | J25: =C25-C26 -> 169 | K25: =D25-D26 -> 169 | L25: =E25-E26 -> 113 | M25: =I25-I26 -> 60 | N25: =N26 -> 138.3871 | O25: =L25 -> 113 | P25: =N25-O25 -> 25.387097 | Q25: 14 | R25: =R26 -> 838.70968 | S25: =J25+K25+L25 -> 451 | T25: =R25-S25 -> 387.70968 | U25: =U26+N25 -> 2352.5806 | V25: =V26+O25 -> 1873 | W25: =U25-V25 -> 479.58065 | X25: =X26+R25 -> 14258.065 | Y25: =Y26+S25 -> 6188 | Z25: =X25-Y25 -> 8070.0645 | AA25: =COS(ATAN(M25/S25)) -> 0.99126625
B26: 16 | C26: =C27+163 -> 475422 | D26: =D27+170 -> 634775 | E26: =E27+110 -> 415936 | F26: =C26+D26+E26 -> 1526133 | G26: =(C27+D27+E27)+((S26/24)*5) -> 1525782.3 | H26: =G26+((K26/12)*3) -> 1525824.8 | I26: =I27+64 -> 288249 | J26: =C26-C27 -> 163 | K26: =D26-D27 -> 170 | L26: =E26-E27 -> 110 | M26: =I26-I27 -> 64 | N26: =N27 -> 138.3871 | O26: =L26 -> 110 | P26: =N26-O26 -> 28.387097 | Q26: =H26-G26 -> 42.5 | R26: =R27 -> 838.70968 | S26: =J26+K26+L26 -> 443 | T26: =R26-S26 -> 395.70968 | U26: =U27+N26 -> 2214.1935 | V26: =V27+O26 -> 1760 | W26: =U26-V26 -> 454.19355 | X26: =X27+R26 -> 13419.355 | Y26: =Y27+S26 -> 5737 | Z26: =X26-Y26 -> 7682.3548 | AA26: =COS(ATAN(M26/S26)) -> 0.98972484
B27: 15 | C27: =C28+176 -> 475259 | D27: =D28+181 -> 634605 | E27: =E28+112 -> 415826 | F27: =C27+D27+E27 -> 1525690 | G27: =(C28+D28+E28)+((S27/24)*5) -> 1525318.7 | H27: =G27+((K27/12)*3) -> 1525364 | I27: =I28+61 -> 288185 | J27: =C27-C28 -> 176 | K27: =D27-D28 -> 181 | L27: =E27-E28 -> 112 | M27: =I27-I28 -> 61 | N27: =N28 -> 138.3871 | O27: =L27 -> 112 | P27: =N27-O27 -> 26.387097 | Q27: =H27-G27 -> 45.25 | R27: =R28 -> 838.70968 | S27: =J27+K27+L27 -> 469 | T27: =R27-S27 -> 369.70968 | U27: =U28+N27 -> 2075.8065 | V27: =V28+O27 -> 1650 | W27: =U27-V27 -> 425.80645 | X27: =X28+R27 -> 12580.645 | Y27: =Y28+S27 -> 5294 | Z27: =X27-Y27 -> 7286.6452 | AA27: =COS(ATAN(M27/S27)) -> 0.99164751
B28: 14 | C28: =C29+117 -> 475083 | D28: =D29+192 -> 634424 | E28: =E29+160 -> 415714 | F28: =C28+D28+E28 -> 1525221 | G28: =(C29+D29+E29)+((S28/24)*5) -> 1524849.7 | H28: =G28+((K28/12)*3) -> 1524897.7 | I28: =I29+59 -> 288124 | J28: =C28-C29 -> 117 | K28: =D28-D29 -> 192 | L28: =E28-E29 -> 160 | M28: =I28-I29 -> 59 | N28: =N29 -> 138.3871 | O28: =L28 -> 160 | P28: =N28-O28 -> -21.612903 | Q28: =H28-G28 -> 48 | R28: =R29 -> 838.70968 | S28: =J28+K28+L28 -> 469 | T28: =R28-S28 -> 369.70968 | U28: =U29+N28 -> 1937.4194 | V28: =V29+O28 -> 1538 | W28: =U28-V28 -> 399.41935 | X28: =X29+R28 -> 11741.935 | Y28: =Y29+S28 -> 4825 | Z28: =X28-Y28 -> 6916.9355 | AA28: =COS(ATAN(M28/S28)) -> 0.99217993
B29: 13 | C29: 474966 | D29: 634232 | E29: 415554 | F29: =C29+D29+E29 -> 1524752 | G29: =(C30+D30+E30)+((S29/24)*5) -> 1524405.2 | H29: =G29+((K29/12)*3) -> 1524449.8 | I29: 288065 | J29: =C29-C30 -> 102 | K29: =D29-D30 -> 178 | L29: =E29-E30 -> 158 | M29: =I29-I30 -> 56 | N29: =N30 -> 138.3871 | O29: =L29 -> 158 | P29: =N29-O29 -> -19.612903 | Q29: =H29-G29 -> 44.5 | R29: =R30 -> 838.70968 | S29: =J29+K29+L29 -> 438 | T29: =R29-S29 -> 400.70968 | U29: =U30+N29 -> 1799.0323 | V29: =V30+O29 -> 1378 | W29: =U29-V29 -> 421.03226 | X29: =X30+R29 -> 10903.226 | Y29: =Y30+S29 -> 4356 | Z29: =X29-Y29 -> 6547.2258 | AA29: =COS(ATAN(M29/S29)) -> 0.99192555
B30: 12 | C30: =C31+101 -> 474864 | D30: =D31+165 -> 634054 | E30: =E31+152 -> 415396 | F30: =C30+D30+E30 -> 1524314 | G30: =(C31+D31+E31)+((S30/24)*5) -> 1523983.1 | H30: =G30+((K30/12)*3) -> 1524024.3 | I30: =I31+53 -> 288009 | J30: =C30-C31 -> 101 | K30: =D30-D31 -> 165 | L30: =E30-E31 -> 152 | M30: =I30-I31 -> 53 | N30: =N31 -> 138.3871 | O30: =L30 -> 152 | P30: =N30-O30 -> -13.612903 | Q30: =H30-G30 -> 41.25 | R30: =R31 -> 838.70968 | S30: =J30+K30+L30 -> 418 | T30: =R30-S30 -> 420.70968 | U30: =U31+N30 -> 1660.6452 | V30: =V31+O30 -> 1220 | W30: =U30-V30 -> 440.64516 | X30: =X31+R30 -> 10064.516 | Y30: =Y31+S30 -> 3918 | Z30: =X30-Y30 -> 6146.5161 | AA30: =COS(ATAN(M30/S30)) -> 0.99205725
B31: 11 | C31: =C32+92 -> 474763 | D31: =D32+151 -> 633889 | E31: =E32+141 -> 415244 | F31: =C31+D31+E31 -> 1523896 | G31: =(C32+D32+E32)+((S31/24)*5) -> 1523592 | H31: =G31+((K31/12)*3) -> 1523629.8 | I31: =I32+51 -> 287956 | J31: =C31-C32 -> 92 | K31: =D31-D32 -> 151 | L31: =E31-E32 -> 141 | M31: =I31-I32 -> 51 | N31: =N32 -> 138.3871 | O31: =L31 -> 141 | P31: =N31-O31 -> -2.6129032 | Q31: =H31-G31 -> 37.75 | R31: =R32 -> 838.70968 | S31: =J31+K31+L31 -> 384 | T31: =R31-S31 -> 454.70968 | U31: =U32+N31 -> 1522.2581 | V31: =V32+O31 -> 1068 | W31: =U31-V31 -> 454.25806 | X31: =X32+R31 -> 9225.8065 | Y31: =Y32+S31 -> 3500 | Z31: =X31-Y31 -> 5725.8065 | AA31: =COS(ATAN(M31/S31)) -> 0.99129541
B32: 10 | C32: =C33+95 -> 474671 | D32: =D33+157 -> 633738 | E32: =E33+129 -> 415103 | F32: =C32+D32+E32 -> 1523512 | G32: =(C33+D33+E33)+((S32/24)*5) -> 1523210.4 | H32: =G32+((K32/12)*3) -> 1523249.6 | I32: =I33+53 -> 287905 | J32: =C32-C33 -> 95 | K32: =D32-D33 -> 157 | L32: =E32-E33 -> 129 | M32: =I32-I33 -> 53 | N32: =N33 -> 138.3871 | O32: =L32 -> 129 | P32: =N32-O32 -> 9.3870968 | Q32: =H32-G32 -> 39.25 | R32: =R33 -> 838.70968 | S32: =J32+K32+L32 -> 381 | T32: =R32-S32 -> 457.70968 | U32: =U33+N32 -> 1383.871 | V32: =V33+O32 -> 927 | W32: =U32-V32 -> 456.87097 | X32: =X33+R32 -> 8387.0968 | Y32: =Y33+S32 -> 3116 | Z32: =X32-Y32 -> 5271.0968 | AA32: =COS(ATAN(M32/S32)) -> 0.99046273
B33: 9 | C33: =C34+100 -> 474576 | D33: =D34+163 -> 633581 | E33: =E34+137 -> 414974 | F33: =C33+D33+E33 -> 1523131 | G33: =(C34+D34+E34)+((S33/24)*5) -> 1522814.3 | H33: =G33+((K33/12)*3) -> 1522855.1 | I33: =I34+50 -> 287852 | J33: =C33-C34 -> 100 | K33: =D33-D34 -> 163 | L33: =E33-E34 -> 137 | M33: =I33-I34 -> 50 | N33: =N34 -> 138.3871 | O33: =L33 -> 137 | P33: =N33-O33 -> 1.3870968 | Q33: =H33-G33 -> 40.75 | R33: =R34 -> 838.70968 | S33: =J33+K33+L33 -> 400 | T33: =R33-S33 -> 438.70968 | U33: =U34+N33 -> 1245.4839 | V33: =V34+O33 -> 798 | W33: =U33-V33 -> 447.48387 | X33: =X34+R33 -> 7548.3871 | Y33: =Y34+S33 -> 2735 | Z33: =X33-Y33 -> 4813.3871 | AA33: =COS(ATAN(M33/S33)) -> 0.99227788
B34: 8 | C34: =C35+98 -> 474476 | D34: =D35+169 -> 633418 | E34: =E35+133 -> 414837 | F34: =C34+D34+E34 -> 1522731 | G34: =(C35+D35+E35)+((S34/24)*5) -> 1522414.3 | H34: =G34+((K34/12)*3) -> 1522456.6 | I34: =I35+55 -> 287802 | J34: =C34-C35 -> 98 | K34: =D34-D35 -> 169 | L34: =E34-E35 -> 133 | M34: =I34-I35 -> 55 | N34: =N35 -> 138.3871 | O34: =L34 -> 133 | P34: =N34-O34 -> 5.3870968 | Q34: =H34-G34 -> 42.25 | R34: =R35 -> 838.70968 | S34: =J34+K34+L34 -> 400 | T34: =R34-S34 -> 438.70968 | U34: =U35+N34 -> 1107.0968 | V34: =V35+O34 -> 661 | W34: =U34-V34 -> 446.09677 | X34: =X35+R34 -> 6709.6774 | Y34: =Y35+S34 -> 2335 | Z34: =X34-Y34 -> 4374.6774 | AA34: =COS(ATAN(M34/S34)) -> 0.99067884
B35: 7 | C35: 474378 | D35: 633249 | E35: 414704 | F35: =C35+D35+E35 -> 1522331 | G35: =(C36+D36+E36)+((S35/24)*5) -> 1521919.3 | H35: =G35+((K35/12)*3) -> 1521984.6 | I35: 287747 | J35: =C35-C36 -> 135 | K35: =D35-D36 -> 261 | L35: =E35-E36 -> 124 | M35: =I35-I36 -> 90 | N35: =N36 -> 138.3871 | O35: =L35 -> 124 | P35: =N35-O35 -> 14.387097 | Q35: =H35-G35 -> 65.25 | R35: =R36 -> 838.70968 | S35: =J35+K35+L35 -> 520 | T35: =R35-S35 -> 318.70968 | U35: =U36+N35 -> 968.70968 | V35: =V36+O35 -> 528 | W35: =U35-V35 -> 440.70968 | X35: =X36+R35 -> 5870.9677 | Y35: =Y36+S35 -> 1935 | Z35: =X35-Y35 -> 3935.9677 | AA35: =COS(ATAN(M35/S35)) -> 0.98535051
B36: 6 | C36: =C37+129 -> 474243 | D36: =D37+210 -> 632988 | E36: =E37+112 -> 414580 | F36: =C36+D36+E36 -> 1521811 | G36: =(C37+D37+E37)+((S36/24)*5) -> 1521454 | H36: =G36+((K36/12)*3) -> 1521506.5 | I36: =I37+86 -> 287657 | J36: =C36-C37 -> 129 | K36: =D36-D37 -> 210 | L36: =E36-E37 -> 112 | M36: =I36-I37 -> 86 | N36: =N37 -> 138.3871 | O36: =L36 -> 112 | P36: =N36-O36 -> 26.387097 | Q36: =H36-G36 -> 52.5 | R36: =R37 -> 838.70968 | S36: =J36+K36+L36 -> 451 | T36: =R36-S36 -> 387.70968 | U36: =U37+N36 -> 830.32258 | V36: =V37+O36 -> 404 | W36: =U36-V36 -> 426.32258 | X36: =X37+R36 -> 5032.2581 | Y36: =Y37+S36 -> 1415 | Z36: =X36-Y36 -> 3617.2581 | AA36: =COS(ATAN(M36/S36)) -> 0.98230042
B37: 5 | C37: =C38+108 -> 474114 | D37: =D38+198 -> 632778 | E37: =E38+101 -> 414468 | F37: =C37+D37+E37 -> 1521360 | G37: =(C38+D38+E38)+((S37/24)*5) -> 1521037.8 | H37: =G37+((K37/12)*3) -> 1521087.3 | I37: =I38+82 -> 287571 | J37: =C37-C38 -> 108 | K37: =D37-D38 -> 198 | L37: =E37-E38 -> 101 | M37: =I37-I38 -> 82 | N37: =N38 -> 138.3871 | O37: =L37 -> 101 | P37: =N37-O37 -> 37.387097 | Q37: =H37-G37 -> 49.5 | R37: =R38 -> 838.70968 | S37: =J37+K37+L37 -> 407 | T37: =R37-S37 -> 431.70968 | U37: =U38+N37 -> 691.93548 | V37: =V38+O37 -> 292 | W37: =U37-V37 -> 399.93548 | X37: =X38+R37 -> 4193.5484 | Y37: =Y38+S37 -> 964 | Z37: =X37-Y37 -> 3229.5484 | AA37: =COS(ATAN(M37/S37)) -> 0.98030178
B38: 4 | C38: =C39+78 -> 474006 | D38: =D39+46 -> 632580 | E38: =E39+63 -> 414367 | F38: =C38+D38+E38 -> 1520953 | G38: =(C39+D39+E39)+((S38/24)*5) -> 1520805 | H38: =G38+((K38/12)*3) -> 1520816.5 | I38: =I39+46 -> 287489 | J38: =C38-C39 -> 78 | K38: =D38-D39 -> 46 | L38: =E38-E39 -> 63 | M38: =I38-I39 -> 46 | N38: =N39 -> 138.3871 | O38: =L38 -> 63 | P38: =N38-O38 -> 75.387097 | Q38: =H38-G38 -> 11.5 | R38: =R39 -> 838.70968 | S38: =J38+K38+L38 -> 187 | T38: =R38-S38 -> 651.70968 | U38: =U39+N38 -> 553.54839 | V38: =V39+O38 -> 191 | W38: =U38-V38 -> 362.54839 | X38: =X39+R38 -> 3354.8387 | Y38: =Y39+S38 -> 557 | Z38: =X38-Y38 -> 2797.8387 | AA38: =COS(ATAN(M38/S38)) -> 0.97105195
B39: 3 | C39: =C40+35 -> 473928 | D39: =D40+47 -> 632534 | E39: =E40+52 -> 414304 | F39: =C39+D39+E39 -> 1520766 | G39: =(C40+D40+E40)+((S39/24)*5) -> 1520659.9 | H39: =G39+((K39/12)*3) -> 1520671.7 | I39: =I40+31 -> 287443 | J39: =C39-C40 -> 35 | K39: =D39-D40 -> 47 | L39: =E39-E40 -> 52 | M39: =I39-I40 -> 31 | N39: =N40 -> 138.3871 | O39: =L39 -> 52 | P39: =N39-O39 -> 86.387097 | Q39: =H39-G39 -> 11.75 | R39: =R40 -> 838.70968 | S39: =J39+K39+L39 -> 134 | T39: =R39-S39 -> 704.70968 | U39: =U40+N39 -> 415.16129 | V39: =V40+O39 -> 128 | W39: =U39-V39 -> 287.16129 | X39: =X40+R39 -> 2516.129 | Y39: =Y40+S39 -> 370 | Z39: =X39-Y39 -> 2146.129 | AA39: =COS(ATAN(M39/S39)) -> 0.97426851
B40: 2 | C40: =C41+33 -> 473893 | D40: =D41+48 -> 632487 | E40: =E41+41 -> 414252 | F40: =C40+D40+E40 -> 1520632 | G40: =(C41+D41+E41)+((S40/24)*5) -> 1520535.4 | H40: =G40+((K40/12)*3) -> 1520547.4 | I40: =I41+29 -> 287412 | J40: =C40-C41 -> 33 | K40: =D40-D41 -> 48 | L40: =E40-E41 -> 41 | M40: =I40-I41 -> 29 | N40: =N41 -> 138.3871 | O40: =L40 -> 41 | P40: =N40-O40 -> 97.387097 | Q40: =H40-G40 -> 12 | R40: =R41 -> 838.70968 | S40: =J40+K40+L40 -> 122 | T40: =R40-S40 -> 716.70968 | U40: =U41+N40 -> 276.77419 | V40: =V41+O40 -> 76 | W40: =U40-V40 -> 200.77419 | X40: =X41+R40 -> 1677.4194 | Y40: =Y41+S40 -> 236 | Z40: =X40-Y40 -> 1441.4194 | AA40: =COS(ATAN(M40/S40)) -> 0.97289171
B41: 1 | C41: =C42+34 -> 473860 | D41: =D42+45 -> 632439 | E41: =E42+35 -> 414211 | F41: =C41+D41+E41 -> 1520510 | G41: =(C42+D42+E42)+((S41/24)*5) -> 1520419.8 | H41: =G41+((K41/12)*3) -> 1520431 | I41: =I42+28 -> 287383 | J41: =C41-C42 -> 34 | K41: =D41-D42 -> 45 | L41: =E41-E42 -> 35 | M41: =I41-I42 -> 28 | N41: =O6/31 -> 138.3871 | O41: =L41 -> 35 | P41: =N41-O41 -> 103.3871 | Q41: =H41-G41 -> 11.25 | R41: =S6/31 -> 838.70968 | S41: =J41+K41+L41 -> 114 | T41: =R41-S41 -> 724.70968 | U41: =N41 -> 138.3871 | V41: =O41 -> 35 | W41: =U41-V41 -> 103.3871 | X41: =R41 -> 838.70968 | Y41: =S41 -> 114 | Z41: =X41-Y41 -> 724.70968 | AA41: =COS(ATAN(M41/S41)) -> 0.97113642
B42: cierre mes anterior | C42: 473826 | D42: 632394 | E42: 414176 | F42: 1520396 | G42: 1520324.1 | H42: 1520337.9 | I42: 287355 | M42: =SUM(M11:M41) -> 1760 | AA42: =AVERAGE(AA11:AA41) -> 0.9871591
Z48: Aprobado:
Z49: Ms.C. Jorge Luis García Santana
Z50: Director General
Z51: Universidad Camaguey

Sheet Laboratorios Tec.
G2: ANEXO No. 1.
G3: TABLA 1A
G4: Cumplimiento del plan de consumo de energía eléctrica total, mes: | N4: ='Ciencia A'!N4 -> 45658
C5: SERVICIO: LABORATORIO TECNICO | U5: total | V5: diaria
N6: Plan Pico N | O6: =S6*16.5% -> 1650 | P6: Plan Pico D | Q6: =(S6*8)/100 -> 800 | R6: PLAN MES | S6: 10000 | T6: Perdidas: | U6: 257 | V6: =U6/31 -> 8.2903226
B7: Día | C7: Lectura del contador | J7: Consumo diario kWh y kvarh | N7: Consumo diario Pico nocturno kWh | Q7: Consumo diario pico Diurno kWh | R7: Consumo diario total kWh | U7: Consumo acumulado Pico kWh | X7: Consumo acumulado Total kWh | AB7: Firma Responsable
C8: MAD | D8: DIA | E8: PICO | F8: TOTAL | G8: Pico Diurno 11 am | H8: Pico Diurno 1 pm | I8: REACT | J8: MAD | K8: DIA | L8: PICO | M8: REACT | N8: Plan Pico | O8: Real Pico | P8: Plan - Real | R8: Plan | S8: Real | T8: Plan - Real | U8: Plan Pico | V8: Real Pico | W8: Plan - Real | X8: Plan | Y8: Real | Z8: Plan - Real | AA8: FP
C9: 1 | D9: 2 | E9: 3 | G9: 4 | H9: 5 | I9: 6 | J9: 7 | K9: 8 | L9: 9 | M9: 10 | N9: 11 | O9: 12 | P9: 13 | Q9: 14 | R9: 15 | S9: 16 | T9: 17 | U9: 18 | V9: 19 | W9: 20 | X9: 21 | Y9: 22 | Z9: 23 | AA9: 24 | AB9: 25
B11: 31 | C11: 63019 | D11: 486308 | E11: 76848 | F11: =C11+D11+E11 -> 626175 | G11: =(C12+D12+E12)+((S11/24)*9.5) -> 626155.06 | H11: =G11+((K11/12)*2.5) -> 626155.06 | I11: 214294 | J11: =C11-C12 -> 33 | K11: =D11-D12 -> 0 | L11: =E11-E12 -> 0 | M11: =I11-I12 -> 13 | N11: =N12 -> 53.225806 | O11: =L11 -> 0 | P11: =N11-O11 -> 53.225806 | Q11: =H11-G11 -> 0 | R11: =R12 -> 322.58065 | S11: =J11+K11+L11 -> 33 | T11: =R11-S11 -> 289.58065 | U11: =U12+N11 -> 1650 | V11: =V12+O11 -> 715 | W11: =U11-V11 -> 935 | X11: =X12+R11 -> 10000 | Y11: =Y12+S11 -> 3324 | Z11: =X11-Y11 -> 6676 | AA11: =COS(ATAN(M11/S11)) -> 0.93040839
B12: 30 | C12: =C13+36 -> 62986 | D12: =D13+32 -> 486308 | E12: 76848 | F12: =C12+D12+E12 -> 626142 | G12: =(C13+D13+E13)+((S12/24)*9.5) -> 626091.25 | H12: =G12+((K12/12)*2.5) -> 626097.92 | I12: =I13+34 -> 214281 | J12: =C12-C13 -> 36 | K12: =D12-D13 -> 32 | L12: =E12-E13 -> 16 | M12: =I12-I13 -> 34 | N12: =N13 -> 53.225806 | O12: =L12 -> 16 | P12: =N12-O12 -> 37.225806 | Q12: =H12-G12 -> 6.6666667 | R12: =R13 -> 322.58065 | S12: =J12+K12+L12 -> 84 | T12: =R12-S12 -> 238.58065 | U12: =U13+N12 -> 1596.7742 | V12: =V13+O12 -> 715 | W12: =U12-V12 -> 881.77419 | X12: =X13+R12 -> 9677.4194 | Y12: =Y13+S12 -> 3291 | Z12: =X12-Y12 -> 6386.4194 | AA12: =COS(ATAN(M12/S12)) -> 0.92694681
B13: 29 | C13: =C14+39 -> 62950 | D13: =D14+38 -> 486276 | E13: =E14+7 -> 76832 | F13: =C13+D13+E13 -> 626058 | G13: =(C14+D14+E14)+((S13/24)*9.5) -> 626007.25 | H13: =G13+((K13/12)*2.5) -> 626015.17 | I13: =I14+31 -> 214247 | J13: =C13-C14 -> 39 | K13: =D13-D14 -> 38 | L13: =E13-E14 -> 7 | M13: =I13-I14 -> 31 | N13: =N14 -> 53.225806 | O13: =L13 -> 7 | P13: =N13-O13 -> 46.225806 | Q13: =H13-G13 -> 7.9166667 | R13: =R14 -> 322.58065 | S13: =J13+K13+L13 -> 84 | T13: =R13-S13 -> 238.58065 | U13: =U14+N13 -> 1543.5484 | V13: =V14+O13 -> 699 | W13: =U13-V13 -> 844.54839 | X13: =X14+R13 -> 9354.8387 | Y13: =Y14+S13 -> 3207 | Z13: =X13-Y13 -> 6147.8387 | AA13: =COS(ATAN(M13/S13)) -> 0.93815229
B14: 28 | C14: 62911 | D14: 486238 | E14: 76825 | F14: =C14+D14+E14 -> 625974 | G14: =(C15+D15+E15)+((S14/24)*9.5) -> 625861.62 | H14: =G14+((K14/12)*2.5) -> 625884.33 | I14: 214216 | J14: =C14-C15 -> 42 | K14: =D14-D15 -> 109 | L14: =E14-E15 -> 35 | M14: =I14-I15 -> 67 | N14: =N15 -> 53.225806 | O14: =L14 -> 35 | P14: =N14-O14 -> 18.225806 | Q14: =H14-G14 -> 22.708333 | R14: =R15 -> 322.58065 | S14: =J14+K14+L14 -> 186 | T14: =R14-S14 -> 136.58065 | U14: =U15+N14 -> 1490.3226 | V14: =V15+O14 -> 692 | W14: =U14-V14 -> 798.32258 | X14: =X15+R14 -> 9032.2581 | Y14: =Y15+S14 -> 3123 | Z14: =X14-Y14 -> 5909.2581 | AA14: =COS(ATAN(M14/S14)) -> 0.94082291
B15: 27 | C15: =C16+38 -> 62869 | D15: =D16+102 -> 486129 | E15: =E16+28 -> 76790 | F15: =C15+D15+E15 -> 625788 | G15: =(C16+D16+E16)+((S15/24)*9.5) -> 625686.5 | H15: =G15+((K15/12)*2.5) -> 625707.75 | I15: =I16+69 -> 214149 | J15: =C15-C16 -> 38 | K15: =D15-D16 -> 102 | L15: =E15-E16 -> 28 | M15: =I15-I16 -> 69 | N15: =N16 -> 53.225806 | O15: =L15 -> 28 | P15: =N15-O15 -> 25.225806 | Q15: =H15-G15 -> 21.25 | R15: =R16 -> 322.58065 | S15: =J15+K15+L15 -> 168 | T15: =R15-S15 -> 154.58065 | U15: =U16+N15 -> 1437.0968 | V15: =V16+O15 -> 657 | W15: =U15-V15 -> 780.09677 | X15: =X16+R15 -> 8709.6774 | Y15: =Y16+S15 -> 2937 | Z15: =X15-Y15 -> 5772.6774 | AA15: =COS(ATAN(M15/S15)) -> 0.92501982
B16: 26 | C16: =C17+35 -> 62831 | D16: =D17+99 -> 486027 | E16: =E17+30 -> 76762 | F16: =C16+D16+E16 -> 625620 | G16: =(C17+D17+E17)+((S16/24)*9.5) -> 625520.92 | H16: =G16+((K16/12)*2.5) -> 625541.54 | I16: =I17+72 -> 214080 | J16: =C16-C17 -> 35 | K16: =D16-D17 -> 99 | L16: =E16-E17 -> 30 | M16: =I16-I17 -> 72 | N16: =N17 -> 53.225806 | O16: =L16 -> 30 | P16: =N16-O16 -> 23.225806 | Q16: =H16-G16 -> 20.625 | R16: =R17 -> 322.58065 | S16: =J16+K16+L16 -> 164 | T16: =R16-S16 -> 158.58065 | U16: =U17+N16 -> 1383.871 | V16: =V17+O16 -> 629 | W16: =U16-V16 -> 754.87097 | X16: =X17+R16 -> 8387.0968 | Y16: =Y17+S16 -> 2769 | Z16: =X16-Y16 -> 5618.0968 | AA16: =COS(ATAN(M16/S16)) -> 0.91564403
B17: 25 | C17: =C18+39 -> 62796 | D17: =D18+97 -> 485928 | E17: =E18+38 -> 76732 | F17: =C17+D17+E17 -> 625456 | G17: =(C18+D18+E18)+((S17/24)*9.5) -> 625350.88 | H17: =G17+((K17/12)*2.5) -> 625371.08 | I17: =I18+60 -> 214008 | J17: =C17-C18 -> 39 | K17: =D17-D18 -> 97 | L17: =E17-E18 -> 38 | M17: =I17-I18 -> 60 | N17: =N18 -> 53.225806 | O17: =L17 -> 38 | P17: =N17-O17 -> 15.225806 | Q17: =H17-G17 -> 20.208333 | R17: =R18 -> 322.58065 | S17: =J17+K17+L17 -> 174 | T17: =R17-S17 -> 148.58065 | U17: =U18+N17 -> 1330.6452 | V17: =V18+O17 -> 599 | W17: =U17-V17 -> 731.64516 | X17: =X18+R17 -> 8064.5161 | Y17: =Y18+S17 -> 2605 | Z17: =X17-Y17 -> 5459.5161 | AA17: =COS(ATAN(M17/S17)) -> 0.94537298
B18: 24 | C18: =C19+30 -> 62757 | D18: =D19+66 -> 485831 | E18: =E19+32 -> 76694 | F18: =C18+D18+E18 -> 625282 | G18: =(C19+D19+E19)+((S18/24)*9.5) -> 625204.67 | H18: =G18+((K18/12)*2.5) -> 625218.42 | I18: =I19+57 -> 213948 | J18: =C18-C19 -> 30 | K18: =D18-D19 -> 66 | L18: =E18-E19 -> 32 | M18: =I18-I19 -> 57 | N18: =N19 -> 53.225806 | O18: =L18 -> 32 | P18: =N18-O18 -> 21.225806 | Q18: =H18-G18 -> 13.75 | R18: =R19 -> 322.58065 | S18: =J18+K18+L18 -> 128 | T18: =R18-S18 -> 194.58065 | U18: =U19+N18 -> 1277.4194 | V18: =V19+O18 -> 561 | W18: =U18-V18 -> 716.41935 | X18: =X19+R18 -> 7741.9355 | Y18: =Y19+S18 -> 2431 | Z18: =X18-Y18 -> 5310.9355 | AA18: =COS(ATAN(M18/S18)) -> 0.91351701
B19: 23 | C19: =C20+29 -> 62727 | D19: =D20+58 -> 485765 | E19: =E20+29 -> 76662 | F19: =C19+D19+E19 -> 625154 | G19: =(C20+D20+E20)+((S19/24)*9.5) -> 625083.92 | H19: =G19+((K19/12)*2.5) -> 625096 | I19: =I20+51 -> 213891 | J19: =C19-C20 -> 29 | K19: =D19-D20 -> 58 | L19: =E19-E20 -> 29 | M19: =I19-I20 -> 51 | N19: =N20 -> 53.225806 | O19: =L19 -> 29 | P19: =N19-O19 -> 24.225806 | Q19: =H19-G19 -> 12.083333 | R19: =R20 -> 322.58065 | S19: =J19+K19+L19 -> 116 | T19: =R19-S19 -> 206.58065 | U19: =U20+N19 -> 1224.1935 | V19: =V20+O19 -> 529 | W19: =U19-V19 -> 695.19355 | X19: =X20+R19 -> 7419.3548 | Y19: =Y20+S19 -> 2303 | Z19: =X19-Y19 -> 5116.3548 | AA19: =COS(ATAN(M19/S19)) -> 0.91543136
B20: 22 | C20: 62698 | D20: 485707 | E20: 76633 | F20: =C20+D20+E20 -> 625038 | G20: =(C21+D21+E21)+((S20/24)*9.5) -> 624987.85 | H20: =G20+((K20/12)*2.5) -> 624997.02 | I20: 213840 | J20: =C20-C21 -> 22 | K20: =D20-D21 -> 44 | L20: =E20-E21 -> 17 | M20: =I20-I21 -> 32 | N20: =N21 -> 53.225806 | O20: =L20 -> 17 | P20: =N20-O20 -> 36.225806 | Q20: =H20-G20 -> 9.1666667 | R20: =R21 -> 322.58065 | S20: =J20+K20+L20 -> 83 | T20: =R20-S20 -> 239.58065 | U20: =U21+N20 -> 1170.9677 | V20: =V21+O20 -> 500 | W20: =U20-V20 -> 670.96774 | X20: =X21+R20 -> 7096.7742 | Y20: =Y21+S20 -> 2187 | Z20: =X20-Y20 -> 4909.7742 | AA20: =COS(ATAN(M20/S20)) -> 0.93305557
B21: 21 | C21: =C22+21 -> 62676 | D21: =D22+36 -> 485663 | E21: =E22+20 -> 76616 | F21: =C21+D21+E21 -> 624955 | G21: =(C22+D22+E22)+((S21/24)*9.5) -> 624908.48 | H21: =G21+((K21/12)*2.5) -> 624915.98 | I21: =I22+21 -> 213808 | J21: =C21-C22 -> 21 | K21: =D21-D22 -> 36 | L21: =E21-E22 -> 20 | M21: =I21-I22 -> 21 | N21: =N22 -> 53.225806 | O21: =L21 -> 20 | P21: =N21-O21 -> 33.225806 | Q21: =H21-G21 -> 7.5 | R21: =R22 -> 322.58065 | S21: =J21+K21+L21 -> 77 | T21: =R21-S21 -> 245.58065 | U21: =U22+N21 -> 1117.7419 | V21: =V22+O21 -> 483 | W21: =U21-V21 -> 634.74194 | X21: =X22+R21 -> 6774.1935 | Y21: =Y22+S21 -> 2104 | Z21: =X21-Y21 -> 4670.1935 | AA21: =COS(ATAN(M21/S21)) -> 0.96476382
B22: 20 | C22: =C23+20 -> 62655 | D22: =D23+33 -> 485627 | E22: =E23+18 -> 76596 | F22: =C22+D22+E22 -> 624878 | G22: =(C23+D23+E23)+((S22/24)*9.5) -> 624835.1 | H22: =G22+((K22/12)*2.5) -> 624841.98 | I22: =I23+29 -> 213787 | J22: =C22-C23 -> 20 | K22: =D22-D23 -> 33 | L22: =E22-E23 -> 18 | M22: =I22-I23 -> 29 | N22: =N23 -> 53.225806 | O22: =L22 -> 18 | P22: =N22-O22 -> 35.225806 | Q22: =H22-G22 -> 6.875 | R22: =R23 -> 322.58065 | S22: =J22+K22+L22 -> 71 | T22: =R22-S22 -> 251.58065 | U22: =U23+N22 -> 1064.5161 | V22: =V23+O22 -> 463 | W22: =U22-V22 -> 601.51613 | X22: =X23+R22 -> 6451.6129 | Y22: =Y23+S22 -> 2027 | Z22: =X22-Y22 -> 4424.6129 | AA22: =COS(ATAN(M22/S22)) -> 0.92575451
B23: 19 | C23: =C24+18 -> 62635 | D23: =D24+34 -> 485594 | E23: =E24+16 -> 76578 | F23: =C23+D23+E23 -> 624807 | G23: =(C24+D24+E24)+((S23/24)*9.5) -> 624765.92 | H23: =G23+((K23/12)*2.5) -> 624773 | I23: =I24+26 -> 213758 | J23: =C23-C24 -> 18 | K23: =D23-D24 -> 34 | L23: =E23-E24 -> 16 | M23: =I23-I24 -> 26 | N23: =N24 -> 53.225806 | O23: =L23 -> 16 | P23: =N23-O23 -> 37.225806 | Q23: =H23-G23 -> 7.0833333 | R23: =R24 -> 322.58065 | S23: =J23+K23+L23 -> 68 | T23: =R23-S23 -> 254.58065 | U23: =U24+N23 -> 1011.2903 | V23: =V24+O23 -> 445 | W23: =U23-V23 -> 566.29032 | X23: =X24+R23 -> 6129.0323 | Y23: =Y24+S23 -> 1956 | Z23: =X23-Y23 -> 4173.0323 | AA23: =COS(ATAN(M23/S23)) -> 0.93405183
B24: 18 | C24: =C25+15 -> 62617 | D24: =D25+30 -> 485560 | E24: =E25+22 -> 76562 | F24: =C24+D24+E24 -> 624739 | G24: =(C25+D25+E25)+((S24/24)*9.5) -> 624698.52 | H24: =G24+((K24/12)*2.5) -> 624704.77 | I24: =I25+29 -> 213732 | J24: =C24-C25 -> 15 | K24: =D24-D25 -> 30 | L24: =E24-E25 -> 22 | M24: =I24-I25 -> 29 | N24: =N25 -> 53.225806 | O24: =L24 -> 22 | P24: =N24-O24 -> 31.225806 | Q24: =H24-G24 -> 6.25 | R24: =R25 -> 322.58065 | S24: =J24+K24+L24 -> 67 | T24: =R24-S24 -> 255.58065 | U24: =U25+N24 -> 958.06452 | V24: =V25+O24 -> 429 | W24: =U24-V24 -> 529.06452 | X24: =X25+R24 -> 5806.4516 | Y24: =Y25+S24 -> 1888 | Z24: =X24-Y24 -> 3918.4516 | AA24: =COS(ATAN(M24/S24)) -> 0.91772212
B25: 17 | C25: =C26+17 -> 62602 | D25: =D26+33 -> 485530 | E25: =E26+27 -> 76540 | F25: =C25+D25+E25 -> 624672 | G25: =(C26+D26+E26)+((S25/24)*9.5) -> 624625.48 | H25: =G25+((K25/12)*2.5) -> 624632.35 | I25: =I26+25 -> 213703 | J25: =C25-C26 -> 17 | K25: =D25-D26 -> 33 | L25: =E25-E26 -> 27 | M25: =I25-I26 -> 25 | N25: =N26 -> 53.225806 | O25: =L25 -> 27 | P25: =N25-O25 -> 26.225806 | Q25: =H25-G25 -> 6.875 | R25: =R26 -> 322.58065 | S25: =J25+K25+L25 -> 77 | T25: =R25-S25 -> 245.58065 | U25: =U26+N25 -> 904.83871 | V25: =V26+O25 -> 407 | W25: =U25-V25 -> 497.83871 | X25: =X26+R25 -> 5483.871 | Y25: =Y26+S25 -> 1821 | Z25: =X25-Y25 -> 3662.871 | AA25: =COS(ATAN(M25/S25)) -> 0.9511248
B26: 16 | C26: =C27+21 -> 62585 | D26: =D27+35 -> 485497 | E26: =E27+23 -> 76513 | F26: =C26+D26+E26 -> 624595 | G26: =(C27+D27+E27)+((S26/24)*9.5) -> 624547.27 | H26: =G26+((K26/12)*2.5) -> 624554.56 | I26: =I27+27 -> 213678 | J26: =C26-C27 -> 21 | K26: =D26-D27 -> 35 | L26: =E26-E27 -> 23 | M26: =I26-I27 -> 27 | N26: =N27 -> 53.225806 | O26: =L26 -> 23 | P26: =N26-O26 -> 30.225806 | Q26: =H26-G26 -> 7.2916667 | R26: =R27 -> 322.58065 | S26: =J26+K26+L26 -> 79 | T26: =R26-S26 -> 243.58065 | U26: =U27+N26 -> 851.6129 | V26: =V27+O26 -> 380 | W26: =U26-V26 -> 471.6129 | X26: =X27+R26 -> 5161.2903 | Y26: =Y27+S26 -> 1744 | Z26: =X26-Y26 -> 3417.2903 | AA26: =COS(ATAN(M26/S26)) -> 0.94626048
B27: 15 | C27: =C28+19 -> 62564 | D27: =D28+41 -> 485462 | E27: =E28+20 -> 76490 | F27: =C27+D27+E27 -> 624516 | G27: =(C28+D28+E28)+((S27/24)*9.5) -> 624467.67 | H27: =G27+((K27/12)*2.5) -> 624476.21 | I27: =I28+31 -> 213651 | J27: =C27-C28 -> 19 | K27: =D27-D28 -> 41 | L27: =E27-E28 -> 20 | M27: =I27-I28 -> 31 | N27: =N28 -> 53.225806 | O27: =L27 -> 20 | P27: =N27-O27 -> 33.225806 | Q27: =H27-G27 -> 8.5416667 | R27: =R28 -> 322.58065 | S27: =J27+K27+L27 -> 80 | T27: =R27-S27 -> 242.58065 | U27: =U28+N27 -> 798.3871 | V27: =V28+O27 -> 357 | W27: =U27-V27 -> 441.3871 | X27: =X28+R27 -> 4838.7097 | Y27: =Y28+S27 -> 1665 | Z27: =X27-Y27 -> 3173.7097 | AA27: =COS(ATAN(M27/S27)) -> 0.93244147
B28: 14 | C28: =C29+23 -> 62545 | D28: =D29+99 -> 485421 | E28: =E29+27 -> 76470 | F28: =C28+D28+E28 -> 624436 | G28: =(C29+D29+E29)+((S28/24)*9.5) -> 624345.98 | H28: =G28+((K28/12)*2.5) -> 624366.6 | I28: =I29+49 -> 213620 | J28: =C28-C29 -> 23 | K28: =D28-D29 -> 99 | L28: =E28-E29 -> 27 | M28: =I28-I29 -> 49 | N28: =N29 -> 53.225806 | O28: =L28 -> 27 | P28: =N28-O28 -> 26.225806 | Q28: =H28-G28 -> 20.625 | R28: =R29 -> 322.58065 | S28: =J28+K28+L28 -> 149 | T28: =R28-S28 -> 173.58065 | U28: =U29+N28 -> 745.16129 | V28: =V29+O28 -> 337 | W28: =U28-V28 -> 408.16129 | X28: =X29+R28 -> 4516.129 | Y28: =Y29+S28 -> 1585 | Z28: =X28-Y28 -> 2931.129 | AA28: =COS(ATAN(M28/S28)) -> 0.94995069
B29: 13 | C29: 62522 | D29: 485322 | E29: 76443 | F29: =C29+D29+E29 -> 624287 | G29: =(C30+D30+E30)+((S29/24)*9.5) -> 624198.79 | H29: =G29+((K29/12)*2.5) -> 624219 | I29: 213571 | J29: =C29-C30 -> 21 | K29: =D29-D30 -> 97 | L29: =E29-E30 -> 28 | M29: =I29-I30 -> 50 | N29: =N30 -> 53.225806 | O29: =L29 -> 28 | P29: =N29-O29 -> 25.225806 | Q29: =H29-G29 -> 20.208333 | R29: =R30 -> 322.58065 | S29: =J29+K29+L29 -> 146 | T29: =R29-S29 -> 176.58065 | U29: =U30+N29 -> 691.93548 | V29: =V30+O29 -> 310 | W29: =U29-V29 -> 381.93548 | X29: =X30+R29 -> 4193.5484 | Y29: =Y30+S29 -> 1436 | Z29: =X29-Y29 -> 2757.5484 | AA29: =COS(ATAN(M29/S29)) -> 0.94605949
B30: 12 | C30: =C31+18 -> 62501 | D30: =D31+102 -> 485225 | E30: =E31+30 -> 76415 | F30: =C30+D30+E30 -> 624141 | G30: =(C31+D31+E31)+((S30/24)*9.5) -> 624050.38 | H30: =G30+((K30/12)*2.5) -> 624071.62 | I30: =I31+53 -> 213521 | J30: =C30-C31 -> 18 | K30: =D30-D31 -> 102 | L30: =E30-E31 -> 30 | M30: =I30-I31 -> 53 | N30: =N31 -> 53.225806 | O30: =L30 -> 30 | P30: =N30-O30 -> 23.225806 | Q30: =H30-G30 -> 21.25 | R30: =R31 -> 322.58065 | S30: =J30+K30+L30 -> 150 | T30: =R30-S30 -> 172.58065 | U30: =U31+N30 -> 638.70968 | V30: =V31+O30 -> 282 | W30: =U30-V30 -> 356.70968 | X30: =X31+R30 -> 3870.9677 | Y30: =Y31+S30 -> 1290 | Z30: =X30-Y30 -> 2580.9677 | AA30: =COS(ATAN(M30/S30)) -> 0.94287423
B31: 11 | C31: =C32+15 -> 62483 | D31: =D32+90 -> 485123 | E31: =E32+31 -> 76385 | F31: =C31+D31+E31 -> 623991 | G31: =(C32+D32+E32)+((S31/24)*9.5) -> 623908.83 | H31: =G31+((K31/12)*2.5) -> 623927.58 | I31: =I32+51 -> 213468 | J31: =C31-C32 -> 15 | K31: =D31-D32 -> 90 | L31: =E31-E32 -> 31 | M31: =I31-I32 -> 51 | N31: =N32 -> 53.225806 | O31: =L31 -> 31 | P31: =N31-O31 -> 22.225806 | Q31: =H31-G31 -> 18.75 | R31: =R32 -> 322.58065 | S31: =J31+K31+L31 -> 136 | T31: =R31-S31 -> 186.58065 | U31: =U32+N31 -> 585.48387 | V31: =V32+O31 -> 252 | W31: =U31-V31 -> 333.48387 | X31: =X32+R31 -> 3548.3871 | Y31: =Y32+S31 -> 1140 | Z31: =X31-Y31 -> 2408.3871 | AA31: =COS(ATAN(M31/S31)) -> 0.93632918
B32: 10 | C32: =C33+12 -> 62468 | D32: =D33+82 -> 485033 | E32: =E33+28 -> 76354 | F32: =C32+D32+E32 -> 623855 | G32: =(C33+D33+E33)+((S32/24)*9.5) -> 623781.29 | H32: =G32+((K32/12)*2.5) -> 623798.38 | I32: =I33+52 -> 213417 | J32: =C32-C33 -> 12 | K32: =D32-D33 -> 82 | L32: =E32-E33 -> 28 | M32: =I32-I33 -> 52 | N32: =N33 -> 53.225806 | O32: =L32 -> 28 | P32: =N32-O32 -> 25.225806 | Q32: =H32-G32 -> 17.083333 | R32: =R33 -> 322.58065 | S32: =J32+K32+L32 -> 122 | T32: =R32-S32 -> 200.58065 | U32: =U33+N32 -> 532.25806 | V32: =V33+O32 -> 221 | W32: =U32-V32 -> 311.25806 | X32: =X33+R32 -> 3225.8065 | Y32: =Y33+S32 -> 1004 | Z32: =X32-Y32 -> 2221.8065 | AA32: =COS(ATAN(M32/S32)) -> 0.91992326
B33: 9 | C33: =C34+14 -> 62456 | D33: =D34+76 -> 484951 | E33: =E34+33 -> 76326 | F33: =C33+D33+E33 -> 623733 | G33: =(C34+D34+E34)+((S33/24)*9.5) -> 623658.69 | H33: =G33+((K33/12)*2.5) -> 623674.52 | I33: =I34+50 -> 213365 | J33: =C33-C34 -> 14 | K33: =D33-D34 -> 76 | L33: =E33-E34 -> 33 | M33: =I33-I34 -> 50 | N33: =N34 -> 53.225806 | O33: =L33 -> 33 | P33: =N33-O33 -> 20.225806 | Q33: =H33-G33 -> 15.833333 | R33: =R34 -> 322.58065 | S33: =J33+K33+L33 -> 123 | T33: =R33-S33 -> 199.58065 | U33: =U34+N33 -> 479.03226 | V33: =V34+O33 -> 193 | W33: =U33-V33 -> 286.03226 | X33: =X34+R33 -> 2903.2258 | Y33: =Y34+S33 -> 882 | Z33: =X33-Y33 -> 2021.2258 | AA33: =COS(ATAN(M33/S33)) -> 0.92638448
B34: 8 | C34: =C35+16 -> 62442 | D34: =D35+71 -> 484875 | E34: =E35+30 -> 76293 | F34: =C34+D34+E34 -> 623610 | G34: =(C35+D35+E35)+((S34/24)*9.5) -> 623539.31 | H34: =G34+((K34/12)*2.5) -> 623554.1 | I34: =I35+46 -> 213315 | J34: =C34-C35 -> 16 | K34: =D34-D35 -> 71 | L34: =E34-E35 -> 30 | M34: =I34-I35 -> 46 | N34: =N35 -> 53.225806 | O34: =L34 -> 30 | P34: =N34-O34 -> 23.225806 | Q34: =H34-G34 -> 14.791667 | R34: =R35 -> 322.58065 | S34: =J34+K34+L34 -> 117 | T34: =R34-S34 -> 205.58065 | U34: =U35+N34 -> 425.80645 | V34: =V35+O34 -> 160 | W34: =U34-V34 -> 265.80645 | X34: =X35+R34 -> 2580.6452 | Y34: =Y35+S34 -> 759 | Z34: =X34-Y34 -> 1821.6452 | AA34: =COS(ATAN(M34/S34)) -> 0.93065478
B35: 7 | C35: 62426 | D35: 484804 | E35: 76263 | F35: =C35+D35+E35 -> 623493 | G35: =(C36+D36+E36)+((S35/24)*9.5) -> 623425.94 | H35: =G35+((K35/12)*2.5) -> 623439.06 | I35: 213269 | J35: =C35-C36 -> 22 | K35: =D35-D36 -> 63 | L35: =E35-E36 -> 26 | M35: =I35-I36 -> 40 | N35: =N36 -> 53.225806 | O35: =L35 -> 26 | P35: =N35-O35 -> 27.225806 | Q35: =H35-G35 -> 13.125 | R35: =R36 -> 322.58065 | S35: =J35+K35+L35 -> 111 | T35: =R35-S35 -> 211.58065 | U35: =U36+N35 -> 372.58065 | V35: =V36+O35 -> 130 | W35: =U35-V35 -> 242.58065 | X35: =X36+R35 -> 2258.0645 | Y35: =Y36+S35 -> 642 | Z35: =X35-Y35 -> 1616.0645 | AA35: =COS(ATAN(M35/S35)) -> 0.94077932
B36: 6 | C36: =C37+20 -> 62404 | D36: =D37+61 -> 484741 | E36: =E37+24 -> 76237 | F36: =C36+D36+E36 -> 623382 | G36: =(C37+D37+E37)+((S36/24)*9.5) -> 623318.56 | H36: =G36+((K36/12)*2.5) -> 623331.27 | I36: =I37+39 -> 213229 | J36: =C36-C37 -> 20 | K36: =D36-D37 -> 61 | L36: =E36-E37 -> 24 | M36: =I36-I37 -> 39 | N36: =N37 -> 53.225806 | O36: =L36 -> 24 | P36: =N36-O36 -> 29.225806 | Q36: =H36-G36 -> 12.708333 | R36: =R37 -> 322.58065 | S36: =J36+K36+L36 -> 105 | T36: =R36-S36 -> 217.58065 | U36: =U37+N36 -> 319.35484 | V36: =V37+O36 -> 104 | W36: =U36-V36 -> 215.35484 | X36: =X37+R36 -> 1935.4839 | Y36: =Y37+S36 -> 531 | Z36: =X36-Y36 -> 1404.4839 | AA36: =COS(ATAN(M36/S36)) -> 0.93742527
B37: 5 | C37: =C38+18 -> 62384 | D37: =D38+58 -> 484680 | E37: =E38+19 -> 76213 | F37: =C37+D37+E37 -> 623277 | G37: =(C38+D38+E38)+((S37/24)*9.5) -> 623219.6 | H37: =G37+((K37/12)*2.5) -> 623231.69 | I37: =I38+35 -> 213190 | J37: =C37-C38 -> 18 | K37: =D37-D38 -> 58 | L37: =E37-E38 -> 19 | M37: =I37-I38 -> 35 | N37: =N38 -> 53.225806 | O37: =L37 -> 19 | P37: =N37-O37 -> 34.225806 | Q37: =H37-G37 -> 12.083333 | R37: =R38 -> 322.58065 | S37: =J37+K37+L37 -> 95 | T37: =R37-S37 -> 227.58065 | U37: =U38+N37 -> 266.12903 | V37: =V38+O37 -> 80 | W37: =U37-V37 -> 186.12903 | X37: =X38+R37 -> 1612.9032 | Y37: =Y38+S37 -> 426 | Z37: =X37-Y37 -> 1186.9032 | AA37: =COS(ATAN(M37/S37)) -> 0.93834312
B38: 4 | C38: =C39+16 -> 62366 | D38: =D39+56 -> 484622 | E38: =E39+17 -> 76194 | F38: =C38+D38+E38 -> 623182 | G38: =(C39+D39+E39)+((S38/24)*9.5) -> 623128.23 | H38: =G38+((K38/12)*2.5) -> 623139.9 | I38: =I39+32 -> 213155 | J38: =C38-C39 -> 16 | K38: =D38-D39 -> 56 | L38: =E38-E39 -> 17 | M38: =I38-I39 -> 32 | N38: =N39 -> 53.225806 | O38: =L38 -> 17 | P38: =N38-O38 -> 36.225806 | Q38: =H38-G38 -> 11.666667 | R38: =R39 -> 322.58065 | S38: =J38+K38+L38 -> 89 | T38: =R38-S38 -> 233.58065 | U38: =U39+N38 -> 212.90323 | V38: =V39+O38 -> 61 | W38: =U38-V38 -> 151.90323 | X38: =X39+R38 -> 1290.3226 | Y38: =Y39+S38 -> 331 | Z38: =X38-Y38 -> 959.32258 | AA38: =COS(ATAN(M38/S38)) -> 0.94102212
B39: 3 | C39: =C40+14 -> 62350 | D39: =D40+54 -> 484566 | E39: =E40+14 -> 76177 | F39: =C39+D39+E39 -> 623093 | G39: =(C40+D40+E40)+((S39/24)*9.5) -> 623043.46 | H39: =G39+((K39/12)*2.5) -> 623054.71 | I39: =I40+30 -> 213123 | J39: =C39-C40 -> 14 | K39: =D39-D40 -> 54 | L39: =E39-E40 -> 14 | M39: =I39-I40 -> 30 | N39: =N40 -> 53.225806 | O39: =L39 -> 14 | P39: =N39-O39 -> 39.225806 | Q39: =H39-G39 -> 11.25 | R39: =R40 -> 322.58065 | S39: =J39+K39+L39 -> 82 | T39: =R39-S39 -> 240.58065 | U39: =U40+N39 -> 159.67742 | V39: =V40+O39 -> 44 | W39: =U39-V39 -> 115.67742 | X39: =X40+R39 -> 967.74194 | Y39: =Y40+S39 -> 242 | Z39: =X39-Y39 -> 725.74194 | AA39: =COS(ATAN(M39/S39)) -> 0.93912285
B40: 2 | C40: =C41+13 -> 62336 | D40: =D41+52 -> 484512 | E40: =E41+15 -> 76163 | F40: =C40+D40+E40 -> 623011 | G40: =(C41+D41+E41)+((S40/24)*9.5) -> 622962.67 | H40: =G40+((K40/12)*2.5) -> 622973.5 | I40: =I41+29 -> 213093 | J40: =C40-C41 -> 13 | K40: =D40-D41 -> 52 | L40: =E40-E41 -> 15 | M40: =I40-I41 -> 29 | N40: =N41 -> 53.225806 | O40: =L40 -> 15 | P40: =N40-O40 -> 38.225806 | Q40: =H40-G40 -> 10.833333 | R40: =R41 -> 322.58065 | S40: =J40+K40+L40 -> 80 | T40: =R40-S40 -> 242.58065 | U40: =U41+N40 -> 106.45161 | V40: =V41+O40 -> 30 | W40: =U40-V40 -> 76.451613 | X40: =X41+R40 -> 645.16129 | Y40: =Y41+S40 -> 160 | Z40: =X40-Y40 -> 485.16129 | AA40: =COS(ATAN(M40/S40)) -> 0.94013607
B41: 1 | C41: =C42+12 -> 62323 | D41: =D42+53 -> 484460 | E41: =E42+15 -> 76148 | F41: =C41+D41+E41 -> 622931 | G41: =(C42+D42+E42)+((S41/24)*9.5) -> 622882.67 | H41: =G41+((K41/12)*2.5) -> 622893.71 | I41: =I42+28 -> 213064 | J41: =C41-C42 -> 12 | K41: =D41-D42 -> 53 | L41: =E41-E42 -> 15 | M41: =I41-I42 -> 28 | N41: =O6/31 -> 53.225806 | O41: =L41 -> 15 | P41: =N41-O41 -> 38.225806 | Q41: =H41-G41 -> 11.041667 | R41: =S6/31 -> 322.58065 | S41: =J41+K41+L41 -> 80 | T41: =R41-S41 -> 242.58065 | U41: =N41 -> 53.225806 | V41: =O41 -> 15 | W41: =U41-V41 -> 38.225806 | X41: =R41 -> 322.58065 | Y41: =S41 -> 80 | Z41: =X41-Y41 -> 242.58065 | AA41: =COS(ATAN(M41/S41)) -> 0.94385836
B42: cierre mes anterior | C42: 62311 | D42: 484407 | E42: 76133 | F42: 622851 | G42: 622818.98 | H42: 622827.52 | I42: 213036 | M42: =SUM(M11:M41) -> 1258 | AA42: =AVERAGE(AA11:AA41) -> 0.93514043
Z50: Aprobado:
Z51: Ms.C. Jorge Luis García Santana
Z52: Director General
Z53: Universidad Camaguey

Sheet Sede Fajardo
G2: ANEXO No. 1.
G3: TABLA 1A
G4: Cumplimiento del plan de consumo de energía eléctrica total, mes: | N4: ='Ciencia A'!N4 -> 45658
C5: SERVICIO: MANUEL FAJARDO | U5: total | V5: diaria
N6: Plan Pico N | O6: =S6*16.5% -> 919.05 | P6: Plan Pico D | Q6: =(S6*8)/100 -> 445.6 | R6: PLAN MES | S6: 5570 | T6: Perdidas: | U6: 395 | V6: =U6/31 -> 12.741935
B7: Día | C7: Lectura del contador | J7: Consumo diario kWh y kvarh | N7: Consumo diario Pico nocturno kWh | Q7: Consumo diario pico Diurno kWh | R7: Consumo diario total kWh | U7: Consumo acumulado Pico kWh | X7: Consumo acumulado Total kWh | AB7: Firma Responsable
C8: MAD | D8: DIA | E8: PICO | F8: TOTAL | G8: Pico Diurno 11 am | H8: Pico Diurno 1 pm | I8: REACT | J8: MAD | K8: DIA | L8: PICO | M8: REACT | N8: Plan Pico | O8: Real Pico | P8: Plan - Real | R8: Plan | S8: Real | T8: Plan - Real | U8: Plan Pico | V8: Real Pico | W8: Plan - Real | X8: Plan | Y8: Real | Z8: Plan - Real | AA8: FP
C9: 1 | D9: 2 | E9: 3 | G9: 4 | H9: 5 | I9: 6 | J9: 7 | K9: 8 | L9: 9 | M9: 10 | N9: 11 | O9: 12 | P9: 13 | Q9: 14 | R9: 15 | S9: 16 | T9: 17 | U9: 18 | V9: 19 | W9: 20 | X9: 21 | Y9: 22 | Z9: 23 | AA9: 24 | AB9: 25
B11: 31 | C11: 155729 | D11: 1437763 | E11: 294718 | F11: =C11+D11+E11 -> 1888210 | G11: =(C12+D12+E12)+((S12/24)*3) -> 1888207 | H11: =G11+((K11/12)*1.5) -> 1888207 | I11: 984842 | J11: =C11-C12 -> 8 | K11: =D11-D12 -> 0 | L11: =E11-E12 -> 0 | M11: =I11-I12 -> 17 | N11: =N12 -> 29.646774 | O11: =L11 -> 0 | P11: =N11-O11 -> 29.646774 | Q11: =H11-G11 -> 0 | R11: =R12 -> 179.67742 | S11: =J11+K11+L11 -> 8 | T11: =R11-S11 -> 171.67742 | U11: =U12+N11 -> 919.05 | V11: =V12+O11 -> 211 | W11: =U11-V11 -> 708.05 | X11: =X12+R11 -> 5570 | Y11: =Y12+S11 -> 1954 | Z11: =X11-Y11 -> 3616 | AA11: =COS(ATAN(M11/S11)) -> 0.42579704
B12: 30 | C12: =C13+19 -> 155721 | D12: =D13+21 -> 1437763 | E12: 294718 | F12: =C12+D12+E12 -> 1888202 | G12: =(C13+D13+E13)+((S13/24)*3) -> 1888168 | H12: =G12+((K12/12)*1.5) -> 1888170.6 | I12: =I13+28 -> 984825 | J12: =C12-C13 -> 19 | K12: =D12-D13 -> 21 | L12: =E12-E13 -> 0 | M12: =I12-I13 -> 28 | N12: =N13 -> 29.646774 | O12: =L12 -> 0 | P12: =N12-O12 -> 29.646774 | Q12: =H12-G12 -> 2.625 | R12: =R13 -> 179.67742 | S12: =J12+K12+L12 -> 40 | T12: =R12-S12 -> 139.67742 | U12: =U13+N12 -> 889.40323 | V12: =V13+O12 -> 211 | W12: =U12-V12 -> 678.40323 | X12: =X13+R12 -> 5390.3226 | Y12: =Y13+S12 -> 1946 | Z12: =X12-Y12 -> 3444.3226 | AA12: =COS(ATAN(M12/S12)) -> 0.81923192
B13: 29 | C13: =C14+30 -> 155702 | D13: =D14+18 -> 1437742 | E13: 294718 | F13: =C13+D13+E13 -> 1888162 | G13: =(C14+D14+E14)+((S14/24)*3) -> 1888122.1 | H13: =G13+((K13/12)*1.5) -> 1888124.4 | I13: =I14+30 -> 984797 | J13: =C13-C14 -> 30 | K13: =D13-D14 -> 18 | L13: =E13-E14 -> 0 | M13: =I13-I14 -> 30 | N13: =N14 -> 29.646774 | O13: =L13 -> 0 | P13: =N13-O13 -> 29.646774 | Q13: =H13-G13 -> 2.25 | R13: =R14 -> 179.67742 | S13: =J13+K13+L13 -> 48 | T13: =R13-S13 -> 131.67742 | U13: =U14+N13 -> 859.75645 | V13: =V14+O13 -> 211 | W13: =U13-V13 -> 648.75645 | X13: =X14+R13 -> 5210.6452 | Y13: =Y14+S13 -> 1906 | Z13: =X13-Y13 -> 3304.6452 | AA13: =COS(ATAN(M13/S13)) -> 0.8479983
B14: 28 | C14: =C15+33 -> 155672 | D14: =D15+27 -> 1437724 | E14: 294718 | F14: =C14+D14+E14 -> 1888114 | G14: =(C15+D15+E15)+((S15/24)*3) -> 1888054.8 | H14: =G14+((K14/12)*1.5) -> 1888058.1 | I14: =I15+31 -> 984767 | J14: =C14-C15 -> 33 | K14: =D14-D15 -> 27 | L14: =E14-E15 -> 5 | M14: =I14-I15 -> 31 | N14: =N15 -> 29.646774 | O14: =L14 -> 5 | P14: =N14-O14 -> 24.646774 | Q14: =H14-G14 -> 3.375 | R14: =R15 -> 179.67742 | S14: =J14+K14+L14 -> 65 | T14: =R14-S14 -> 114.67742 | U14: =U15+N14 -> 830.10968 | V14: =V15+O14 -> 211 | W14: =U14-V14 -> 619.10968 | X14: =X15+R14 -> 5030.9677 | Y14: =Y15+S14 -> 1858 | Z14: =X14-Y14 -> 3172.9677 | AA14: =COS(ATAN(M14/S14)) -> 0.90260368
B15: 27 | C15: 155639 | D15: 1437697 | E15: 294713 | F15: =C15+D15+E15 -> 1888049 | G15: =(C16+D16+E16)+((S16/24)*3) -> 1888009.4 | H15: =G15+((K15/12)*1.5) -> 1888011.6 | I15: 984736 | J15: =C15-C16 -> 26 | K15: =D15-D16 -> 18 | L15: =E15-E16 -> 2 | M15: =I15-I16 -> 25 | N15: =N16 -> 29.646774 | O15: =L15 -> 2 | P15: =N15-O15 -> 27.646774 | Q15: =H15-G15 -> 2.25 | R15: =R16 -> 179.67742 | S15: =J15+K15+L15 -> 46 | T15: =R15-S15 -> 133.67742 | U15: =U16+N15 -> 800.4629 | V15: =V16+O15 -> 206 | W15: =U15-V15 -> 594.4629 | X15: =X16+R15 -> 4851.2903 | Y15: =Y16+S15 -> 1793 | Z15: =X15-Y15 -> 3058.2903 | AA15: =COS(ATAN(M15/S15)) -> 0.87862451
B16: 26 | C16: 155613 | D16: 1437679 | E16: 294711 | F16: =C16+D16+E16 -> 1888003 | G16: =(C17+D17+E17)+((S17/24)*3) -> 1887961.4 | H16: =G16+((K16/12)*1.5) -> 1887962.8 | I16: 984711 | J16: =C16-C17 -> 34 | K16: =D16-D17 -> 11 | L16: =E16-E17 -> 6 | M16: =I16-I17 -> 41 | N16: =N17 -> 29.646774 | O16: =L16 -> 6 | P16: =N16-O16 -> 23.646774 | Q16: =H16-G16 -> 1.375 | R16: =R17 -> 179.67742 | S16: =J16+K16+L16 -> 51 | T16: =R16-S16 -> 128.67742 | U16: =U17+N16 -> 770.81613 | V16: =V17+O16 -> 204 | W16: =U16-V16 -> 566.81613 | X16: =X17+R16 -> 4671.6129 | Y16: =Y17+S16 -> 1747 | Z16: =X16-Y16 -> 2924.6129 | AA16: =COS(ATAN(M16/S16)) -> 0.77937567
B17: 25 | C17: =C18+30 -> 155579 | D17: =D18+33 -> 1437668 | E17: =E18+12 -> 294705 | F17: =C17+D17+E17 -> 1887952 | G17: =(C18+D18+E18)+((S18/24)*3) -> 1887885.9 | H17: =G17+((K17/12)*1.5) -> 1887890 | I17: =I18+59 -> 984670 | J17: =C17-C18 -> 30 | K17: =D17-D18 -> 33 | L17: =E17-E18 -> 12 | M17: =I17-I18 -> 59 | N17: =N18 -> 29.646774 | O17: =L17 -> 12 | P17: =N17-O17 -> 17.646774 | Q17: =H17-G17 -> 4.125 | R17: =R18 -> 179.67742 | S17: =J17+K17+L17 -> 75 | T17: =R17-S17 -> 104.67742 | U17: =U18+N17 -> 741.16935 | V17: =V18+O17 -> 198 | W17: =U17-V17 -> 543.16935 | X17: =X18+R17 -> 4491.9355 | Y17: =Y18+S17 -> 1696 | Z17: =X17-Y17 -> 2795.9355 | AA17: =COS(ATAN(M17/S17)) -> 0.78595456
B18: 24 | C18: =C19+27 -> 155549 | D18: =D19+32 -> 1437635 | E18: =E19+12 -> 294693 | F18: =C18+D18+E18 -> 1887877 | G18: =(C19+D19+E19)+((S19/24)*3) -> 1887814.6 | H18: =G18+((K18/12)*1.5) -> 1887818.6 | I18: =I19+37 -> 984611 | J18: =C18-C19 -> 27 | K18: =D18-D19 -> 32 | L18: =E18-E19 -> 12 | M18: =I18-I19 -> 37 | N18: =N19 -> 29.646774 | O18: =L18 -> 12 | P18: =N18-O18 -> 17.646774 | Q18: =H18-G18 -> 4 | R18: =R19 -> 179.67742 | S18: =J18+K18+L18 -> 71 | T18: =R18-S18 -> 108.67742 | U18: =U19+N18 -> 711.52258 | V18: =V19+O18 -> 186 | W18: =U18-V18 -> 525.52258 | X18: =X19+R18 -> 4312.2581 | Y18: =Y19+S18 -> 1621 | Z18: =X18-Y18 -> 2691.2581 | AA18: =COS(ATAN(M18/S18)) -> 0.88680745
B19: 23 | C19: 155522 | D19: 1437603 | E19: 294681 | F19: =C19+D19+E19 -> 1887806 | G19: =(C20+D20+E20)+((S20/24)*3) -> 1887749 | H19: =G19+((K19/12)*1.5) -> 1887755.8 | I19: =I20+40 -> 984574 | J19: =C19-C20 -> 14 | K19: =D19-D20 -> 54 | L19: =E19-E20 -> 1 | M19: =I19-I20 -> 40 | N19: =N20 -> 29.646774 | O19: =L19 -> 1 | P19: =N19-O19 -> 28.646774 | Q19: =H19-G19 -> 6.75 | R19: =R20 -> 179.67742 | S19: =J19+K19+L19 -> 69 | T19: =R19-S19 -> 110.67742 | U19: =U20+N19 -> 681.87581 | V19: =V20+O19 -> 174 | W19: =U19-V19 -> 507.87581 | X19: =X20+R19 -> 4132.5806 | Y19: =Y20+S19 -> 1550 | Z19: =X19-Y19 -> 2582.5806 | AA19: =COS(ATAN(M19/S19)) -> 0.86514
B20: 22 | C20: 155508 | D20: 1437549 | E20: 294680 | F20: =C20+D20+E20 -> 1887737 | G20: =(C21+D21+E21)+((S21/24)*3) -> 1887650 | H20: =G20+((K20/12)*1.5) -> 1887657.4 | I20: 984534 | J20: =C20-C21 -> 26 | K20: =D20-D21 -> 59 | L20: =E20-E21 -> 11 | M20: =I20-I21 -> 66 | N20: =N21 -> 29.646774 | O20: =L20 -> 11 | P20: =N20-O20 -> 18.646774 | Q20: =H20-G20 -> 7.375 | R20: =R21 -> 179.67742 | S20: =J20+K20+L20 -> 96 | T20: =R20-S20 -> 83.677419 | U20: =U21+N20 -> 652.22903 | V20: =V21+O20 -> 173 | W20: =U20-V20 -> 479.22903 | X20: =X21+R20 -> 3952.9032 | Y20: =Y21+S20 -> 1481 | Z20: =X20-Y20 -> 2471.9032 | AA20: =COS(ATAN(M20/S20)) -> 0.82404192
B21: 21 | C21: 155482 | D21: 1437490 | E21: 294669 | F21: =C21+D21+E21 -> 1887641 | G21: =(C22+D22+E22)+((S22/24)*3) -> 1887574 | H21: =G21+((K21/12)*1.5) -> 1887580 | I21: 984468 | J21: =C21-C22 -> 24 | K21: =D21-D22 -> 48 | L21: =E21-E22 -> 0 | M21: =I21-I22 -> 53 | N21: =N22 -> 29.646774 | O21: =L21 -> 0 | P21: =N21-O21 -> 29.646774 | Q21: =H21-G21 -> 6 | R21: =R22 -> 179.67742 | S21: =J21+K21+L21 -> 72 | T21: =R21-S21 -> 107.67742 | U21: =U22+N21 -> 622.58226 | V21: =V22+O21 -> 162 | W21: =U21-V21 -> 460.58226 | X21: =X22+R21 -> 3773.2258 | Y21: =Y22+S21 -> 1385 | Z21: =X21-Y21 -> 2388.2258 | AA21: =COS(ATAN(M21/S21)) -> 0.80533688
B22: 20 | C22: 155458 | D22: 1437442 | E22: 294669 | F22: =C22+D22+E22 -> 1887569 | G22: =(C23+D23+E23)+((S23/24)*3) -> 1887536.6 | H22: =G22+((K22/12)*1.5) -> 1887538.4 | I22: 984415 | J22: =C22-C23 -> 25 | K22: =D22-D23 -> 14 | L22: =E22-E23 -> 1 | M22: =I22-I23 -> 30 | N22: =N23 -> 29.646774 | O22: =L22 -> 1 | P22: =N22-O22 -> 28.646774 | Q22: =H22-G22 -> 1.75 | R22: =R23 -> 179.67742 | S22: =J22+K22+L22 -> 40 | T22: =R22-S22 -> 139.67742 | U22: =U23+N22 -> 592.93548 | V22: =V23+O22 -> 162 | W22: =U22-V22 -> 430.93548 | X22: =X23+R22 -> 3593.5484 | Y22: =Y23+S22 -> 1313 | Z22: =X22-Y22 -> 2280.5484 | AA22: =COS(ATAN(M22/S22)) -> 0.8
B23: 19 | C23: 155433 | D23: 1437428 | E23: 294668 | F23: =C23+D23+E23 -> 1887529 | G23: =(C24+D24+E24)+((S24/24)*3) -> 1887474.2 | H23: =G23+((K23/12)*1.5) -> 1887477.8 | I23: 984385 | J23: =C23-C24 -> 24 | K23: =D23-D24 -> 28 | L23: =E23-E24 -> 9 | M23: =I23-I24 -> 31 | N23: =N24 -> 29.646774 | O23: =L23 -> 9 | P23: =N23-O23 -> 20.646774 | Q23: =H23-G23 -> 3.5 | R23: =R24 -> 179.67742 | S23: =J23+K23+L23 -> 61 | T23: =R23-S23 -> 118.67742 | U23: =U24+N23 -> 563.28871 | V23: =V24+O23 -> 161 | W23: =U23-V23 -> 402.28871 | X23: =X24+R23 -> 3413.871 | Y23: =Y24+S23 -> 1273 | Z23: =X23-Y23 -> 2140.871 | AA23: =COS(ATAN(M23/S23)) -> 0.89148519
B24: 18 | C24: 155409 | D24: =D25+21 -> 1437400 | E24: =E25+4 -> 294659 | F24: =C24+D24+E24 -> 1887468 | G24: =(C25+D25+E25)+((S25/24)*3) -> 1887424.6 | H24: =G24+((K24/12)*1.5) -> 1887427.2 | I24: =I25+33 -> 984354 | J24: =C24-C25 -> 25 | K24: =D24-D25 -> 21 | L24: =E24-E25 -> 4 | M24: =I24-I25 -> 33 | N24: =N25 -> 29.646774 | O24: =L24 -> 4 | P24: =N24-O24 -> 25.646774 | Q24: =H24-G24 -> 2.625 | R24: =R25 -> 179.67742 | S24: =J24+K24+L24 -> 50 | T24: =R24-S24 -> 129.67742 | U24: =U25+N24 -> 533.64194 | V24: =V25+O24 -> 152 | W24: =U24-V24 -> 381.64194 | X24: =X25+R24 -> 3234.1935 | Y24: =Y25+S24 -> 1212 | Z24: =X24-Y24 -> 2022.1935 | AA24: =COS(ATAN(M24/S24)) -> 0.83460941
B25: 17 | C25: 155384 | D25: =D26+22 -> 1437379 | E25: =E26+10 -> 294655 | F25: =C25+D25+E25 -> 1887418 | G25: =(C26+D26+E26)+((S26/24)*3) -> 1887371.6 | H25: =G25+((K25/12)*1.5) -> 1887374.4 | I25: =I26+30 -> 984321 | J25: =C25-C26 -> 21 | K25: =D25-D26 -> 22 | L25: =E25-E26 -> 10 | M25: =I25-I26 -> 30 | N25: =N26 -> 29.646774 | O25: =L25 -> 10 | P25: =N25-O25 -> 19.646774 | Q25: =H25-G25 -> 2.75 | R25: =R26 -> 179.67742 | S25: =J25+K25+L25 -> 53 | T25: =R25-S25 -> 126.67742 | U25: =U26+N25 -> 503.99516 | V25: =V26+O25 -> 148 | W25: =U25-V25 -> 355.99516 | X25: =X26+R25 -> 3054.5161 | Y25: =Y26+S25 -> 1162 | Z25: =X25-Y25 -> 1892.5161 | AA25: =COS(ATAN(M25/S25)) -> 0.87025686
B26: 16 | C26: 155363 | D26: =D27+21 -> 1437357 | E26: =E27+9 -> 294645 | F26: =C26+D26+E26 -> 1887365 | G26: =(C27+D27+E27)+((S27/24)*3) -> 1887318.5 | H26: =G26+((K26/12)*1.5) -> 1887321.1 | I26: =I27+29 -> 984291 | J26: =C26-C27 -> 23 | K26: =D26-D27 -> 21 | L26: =E26-E27 -> 9 | M26: =I26-I27 -> 29 | N26: =N27 -> 29.646774 | O26: =L26 -> 9 | P26: =N26-O26 -> 20.646774 | Q26: =H26-G26 -> 2.625 | R26: =R27 -> 179.67742 | S26: =J26+K26+L26 -> 53 | T26: =R26-S26 -> 126.67742 | U26: =U27+N26 -> 474.34839 | V26: =V27+O26 -> 138 | W26: =U26-V26 -> 336.34839 | X26: =X27+R26 -> 2874.8387 | Y26: =Y27+S26 -> 1109 | Z26: =X26-Y26 -> 1765.8387 | AA26: =COS(ATAN(M26/S26)) -> 0.87726224
B27: 15 | C27: 155340 | D27: 1437336 | E27: 294636 | F27: =C27+D27+E27 -> 1887312 | G27: =(C28+D28+E28)+((S28/24)*3) -> 1887270.1 | H27: =G27+((K27/12)*1.5) -> 1887273.8 | I27: =I28+31 -> 984262 | J27: =C27-C28 -> 20 | K27: =D27-D28 -> 29 | L27: =E27-E28 -> 3 | M27: =I27-I28 -> 31 | N27: =N28 -> 29.646774 | O27: =L27 -> 3 | P27: =N27-O27 -> 26.646774 | Q27: =H27-G27 -> 3.625 | R27: =R28 -> 179.67742 | S27: =J27+K27+L27 -> 52 | T27: =R27-S27 -> 127.67742 | U27: =U28+N27 -> 444.70161 | V27: =V28+O27 -> 129 | W27: =U27-V27 -> 315.70161 | X27: =X28+R27 -> 2695.1613 | Y27: =Y28+S27 -> 1056 | Z27: =X27-Y27 -> 1639.1613 | AA27: =COS(ATAN(M27/S27)) -> 0.85894697
B28: 14 | C28: =C29+23 -> 155320 | D28: =D29+46 -> 1437307 | E28: =E29+12 -> 294633 | F28: =C28+D28+E28 -> 1887260 | G28: =(C29+D29+E29)+((S29/24)*3) -> 1887189 | H28: =G28+((K28/12)*1.5) -> 1887194.8 | I28: =I29+53 -> 984231 | J28: =C28-C29 -> 23 | K28: =D28-D29 -> 46 | L28: =E28-E29 -> 12 | M28: =I28-I29 -> 53 | N28: =N29 -> 29.646774 | O28: =L28 -> 12 | P28: =N28-O28 -> 17.646774 | Q28: =H28-G28 -> 5.75 | R28: =R29 -> 179.67742 | S28: =J28+K28+L28 -> 81 | T28: =R28-S28 -> 98.677419 | U28: =U29+N28 -> 415.05484 | V28: =V29+O28 -> 126 | W28: =U28-V28 -> 289.05484 | X28: =X29+R28 -> 2515.4839 | Y28: =Y29+S28 -> 1004 | Z28: =X28-Y28 -> 1511.4839 | AA28: =COS(ATAN(M28/S28)) -> 0.83678758
B29: 13 | C29: 155297 | D29: 1437261 | E29: 294621 | F29: =C29+D29+E29 -> 1887179 | G29: =(C30+D30+E30)+((S30/24)*3) -> 1887105.6 | H29: =G29+((K29/12)*1.5) -> 1887112.1 | I29: 984178 | J29: =C29-C30 -> 21 | K29: =D29-D30 -> 52 | L29: =E29-E30 -> 7 | M29: =I29-I30 -> 55 | N29: =N30 -> 29.646774 | O29: =L29 -> 7 | P29: =N29-O29 -> 22.646774 | Q29: =H29-G29 -> 6.5 | R29: =R30 -> 179.67742 | S29: =J29+K29+L29 -> 80 | T29: =R29-S29 -> 99.677419 | U29: =U30+N29 -> 385.40806 | V29: =V30+O29 -> 114 | W29: =U29-V29 -> 271.40806 | X29: =X30+R29 -> 2335.8065 | Y29: =Y30+S29 -> 923 | Z29: =X29-Y29 -> 1412.8065 | AA29: =COS(ATAN(M29/S29)) -> 0.82404192
B30: 12 | C30: 155276 | D30: 1437209 | E30: 294614 | F30: =C30+D30+E30 -> 1887099 | G30: =(C31+D31+E31)+((S31/24)*3) -> 1887054.4 | H30: =G30+((K30/12)*1.5) -> 1887058.1 | I30: 984123 | J30: =C30-C31 -> 19 | K30: =D30-D31 -> 30 | L30: =E30-E31 -> 4 | M30: =I30-I31 -> 40 | N30: =N31 -> 29.646774 | O30: =L30 -> 4 | P30: =N30-O30 -> 25.646774 | Q30: =H30-G30 -> 3.75 | R30: =R31 -> 179.67742 | S30: =J30+K30+L30 -> 53 | T30: =R30-S30 -> 126.67742 | U30: =U31+N30 -> 355.76129 | V30: =V31+O30 -> 107 | W30: =U30-V30 -> 248.76129 | X30: =X31+R30 -> 2156.129 | Y30: =Y31+S30 -> 843 | Z30: =X30-Y30 -> 1313.129 | AA30: =COS(ATAN(M30/S30)) -> 0.79818915
B31: 11 | C31: 155257 | D31: 1437179 | E31: 294610 | F31: =C31+D31+E31 -> 1887046 | G31: =(C32+D32+E32)+((S32/24)*3) -> 1886986.4 | H31: =G31+((K31/12)*1.5) -> 1886990.4 | I31: 984083 | J31: =C31-C32 -> 25 | K31: =D31-D32 -> 32 | L31: =E31-E32 -> 10 | M31: =I31-I32 -> 44 | N31: =N32 -> 29.646774 | O31: =L31 -> 10 | P31: =N31-O31 -> 19.646774 | Q31: =H31-G31 -> 4 | R31: =R32 -> 179.67742 | S31: =J31+K31+L31 -> 67 | T31: =R31-S31 -> 112.67742 | U31: =U32+N31 -> 326.11452 | V31: =V32+O31 -> 103 | W31: =U31-V31 -> 223.11452 | X31: =X32+R31 -> 1976.4516 | Y31: =Y32+S31 -> 790 | Z31: =X31-Y31 -> 1186.4516 | AA31: =COS(ATAN(M31/S31)) -> 0.83586903
B32: 10 | C32: 155232 | D32: 1437147 | E32: 294600 | F32: =C32+D32+E32 -> 1886979 | G32: =(C33+D33+E33)+((S33/24)*3) -> 1886928.5 | H32: =G32+((K32/12)*1.5) -> 1886932.8 | I32: 984039 | J32: =C32-C33 -> 16 | K32: =D32-D33 -> 34 | L32: =E32-E33 -> 9 | M32: =I32-I33 -> 21 | N32: =N33 -> 29.646774 | O32: =L32 -> 9 | P32: =N32-O32 -> 20.646774 | Q32: =H32-G32 -> 4.25 | R32: =R33 -> 179.67742 | S32: =J32+K32+L32 -> 59 | T32: =R32-S32 -> 120.67742 | U32: =U33+N32 -> 296.46774 | V32: =V33+O32 -> 93 | W32: =U32-V32 -> 203.46774 | X32: =X33+R32 -> 1796.7742 | Y32: =Y33+S32 -> 723 | Z32: =X32-Y32 -> 1073.7742 | AA32: =COS(ATAN(M32/S32)) -> 0.94210263
B33: 9 | C33: 155216 | D33: 1437113 | E33: 294591 | F33: =C33+D33+E33 -> 1886920 | G33: =(C34+D34+E34)+((S34/24)*3) -> 1886861.8 | H33: =G33+((K33/12)*1.5) -> 1886866.8 | I33: 984018 | J33: =C33-C34 -> 21 | K33: =D33-D34 -> 40 | L33: =E33-E34 -> 7 | M33: =I33-I34 -> 41 | N33: =N34 -> 29.646774 | O33: =L33 -> 7 | P33: =N33-O33 -> 22.646774 | Q33: =H33-G33 -> 5 | R33: =R34 -> 179.67742 | S33: =J33+K33+L33 -> 68 | T33: =R33-S33 -> 111.67742 | U33: =U34+N33 -> 266.82097 | V33: =V34+O33 -> 84 | W33: =U33-V33 -> 182.82097 | X33: =X34+R33 -> 1617.0968 | Y33: =Y34+S33 -> 664 | Z33: =X33-Y33 -> 953.09677 | AA33: =COS(ATAN(M33/S33)) -> 0.85637971
B34: 8 | C34: 155195 | D34: 1437073 | E34: 294584 | F34: =C34+D34+E34 -> 1886852 | G34: =(C35+D35+E35)+((S35/24)*3) -> 1886786.1 | H34: =G34+((K34/12)*1.5) -> 1886791.4 | I34: 983977 | J34: =C34-C35 -> 25 | K34: =D34-D35 -> 42 | L34: =E34-E35 -> 11 | M34: =I34-I35 -> 88 | N34: =N35 -> 29.646774 | O34: =L34 -> 11 | P34: =N34-O34 -> 18.646774 | Q34: =H34-G34 -> 5.25 | R34: =R35 -> 179.67742 | S34: =J34+K34+L34 -> 78 | T34: =R34-S34 -> 101.67742 | U34: =U35+N34 -> 237.17419 | V34: =V35+O34 -> 77 | W34: =U34-V34 -> 160.17419 | X34: =X35+R34 -> 1437.4194 | Y34: =Y35+S34 -> 596 | Z34: =X34-Y34 -> 841.41935 | AA34: =COS(ATAN(M34/S34)) -> 0.66330751
B35: 7 | C35: 155170 | D35: 1437031 | E35: 294573 | F35: =C35+D35+E35 -> 1886774 | G35: =(C36+D36+E36)+((S36/24)*3) -> 1886688.1 | H35: =G35+((K35/12)*1.5) -> 1886694.5 | I35: 983889 | J35: =C35-C36 -> 33 | K35: =D35-D36 -> 51 | L35: =E35-E36 -> 13 | M35: =I35-I36 -> 87 | N35: =N36 -> 29.646774 | O35: =L35 -> 13 | P35: =N35-O35 -> 16.646774 | Q35: =H35-G35 -> 6.375 | R35: =R36 -> 179.67742 | S35: =J35+K35+L35 -> 97 | T35: =R35-S35 -> 82.677419 | U35: =U36+N35 -> 207.52742 | V35: =V36+O35 -> 66 | W35: =U35-V35 -> 141.52742 | X35: =X36+R35 -> 1257.7419 | Y35: =Y36+S35 -> 518 | Z35: =X35-Y35 -> 739.74194 | AA35: =COS(ATAN(M35/S35)) -> 0.74443789
B36: 6 | C36: =C37+30 -> 155137 | D36: =D37+47 -> 1436980 | E36: =E37+12 -> 294560 | F36: =C36+D36+E36 -> 1886677 | G36: =(C37+D37+E37)+((S37/24)*3) -> 1886597.8 | H36: =G36+((K36/12)*1.5) -> 1886603.6 | I36: =I37+81 -> 983802 | J36: =C36-C37 -> 30 | K36: =D36-D37 -> 47 | L36: =E36-E37 -> 12 | M36: =I36-I37 -> 81 | N36: =N37 -> 29.646774 | O36: =L36 -> 12 | P36: =N36-O36 -> 17.646774 | Q36: =H36-G36 -> 5.875 | R36: =R37 -> 179.67742 | S36: =J36+K36+L36 -> 89 | T36: =R36-S36 -> 90.677419 | U36: =U37+N36 -> 177.88065 | V36: =V37+O36 -> 53 | W36: =U36-V36 -> 124.88065 | X36: =X37+R36 -> 1078.0645 | Y36: =Y37+S36 -> 421 | Z36: =X36-Y36 -> 657.06452 | AA36: =COS(ATAN(M36/S36)) -> 0.73956395
B37: 5 | C37: =C38+25 -> 155107 | D37: =D38+43 -> 1436933 | E37: =E38+10 -> 294548 | F37: =C37+D37+E37 -> 1886588 | G37: =(C38+D38+E38)+((S38/24)*3) -> 1886519 | H37: =G37+((K37/12)*1.5) -> 1886524.4 | I37: =I38+80 -> 983721 | J37: =C37-C38 -> 25 | K37: =D37-D38 -> 43 | L37: =E37-E38 -> 10 | M37: =I37-I38 -> 80 | N37: =N38 -> 29.646774 | O37: =L37 -> 10 | P37: =N37-O37 -> 19.646774 | Q37: =H37-G37 -> 5.375 | R37: =R38 -> 179.67742 | S37: =J37+K37+L37 -> 78 | T37: =R37-S37 -> 101.67742 | U37: =U38+N37 -> 148.23387 | V37: =V38+O37 -> 41 | W37: =U37-V37 -> 107.23387 | X37: =X38+R37 -> 898.3871 | Y37: =Y38+S37 -> 332 | Z37: =X37-Y37 -> 566.3871 | AA37: =COS(ATAN(M37/S37)) -> 0.69810014
B38: 4 | C38: =C39+24 -> 155082 | D38: =D39+39 -> 1436890 | E38: =E39+9 -> 294538 | F38: =C38+D38+E38 -> 1886510 | G38: =(C39+D39+E39)+((S39/24)*3) -> 1886446.2 | H38: =G38+((K38/12)*1.5) -> 1886451.1 | I38: =I39+66 -> 983641 | J38: =C38-C39 -> 24 | K38: =D38-D39 -> 39 | L38: =E38-E39 -> 9 | M38: =I38-I39 -> 66 | N38: =N39 -> 29.646774 | O38: =L38 -> 9 | P38: =N38-O38 -> 20.646774 | Q38: =H38-G38 -> 4.875 | R38: =R39 -> 179.67742 | S38: =J38+K38+L38 -> 72 | T38: =R38-S38 -> 107.67742 | U38: =U39+N38 -> 118.5871 | V38: =V39+O38 -> 31 | W38: =U38-V38 -> 87.587097 | X38: =X39+R38 -> 718.70968 | Y38: =Y39+S38 -> 254 | Z38: =X38-Y38 -> 464.70968 | AA38: =COS(ATAN(M38/S38)) -> 0.73715414
B39: 3 | C39: =C40+23 -> 155058 | D39: =D40+34 -> 1436851 | E39: =E40+9 -> 294529 | F39: =C39+D39+E39 -> 1886438 | G39: =(C40+D40+E40)+((S40/24)*3) -> 1886379.4 | H39: =G39+((K39/12)*1.5) -> 1886383.6 | I39: =I40+67 -> 983575 | J39: =C39-C40 -> 23 | K39: =D39-D40 -> 34 | L39: =E39-E40 -> 9 | M39: =I39-I40 -> 67 | N39: =N40 -> 29.646774 | O39: =L39 -> 9 | P39: =N39-O39 -> 20.646774 | Q39: =H39-G39 -> 4.25 | R39: =R40 -> 179.67742 | S39: =J39+K39+L39 -> 66 | T39: =R39-S39 -> 113.67742 | U39: =U40+N39 -> 88.940323 | V39: =V40+O39 -> 22 | W39: =U39-V39 -> 66.940323 | X39: =X40+R39 -> 539.03226 | Y39: =Y40+S39 -> 182 | Z39: =X39-Y39 -> 357.03226 | AA39: =COS(ATAN(M39/S39)) -> 0.70177035
B40: 2 | C40: =C41+22 -> 155035 | D40: =D41+31 -> 1436817 | E40: =E41+6 -> 294520 | F40: =C40+D40+E40 -> 1886372 | G40: =(C41+D41+E41)+((S41/24)*3) -> 1886320.1 | H40: =G40+((K40/12)*1.5) -> 1886324 | I40: =I41+63 -> 983508 | J40: =C40-C41 -> 22 | K40: =D40-D41 -> 31 | L40: =E40-E41 -> 6 | M40: =I40-I41 -> 63 | N40: =N41 -> 29.646774 | O40: =L40 -> 6 | P40: =N40-O40 -> 23.646774 | Q40: =H40-G40 -> 3.875 | R40: =R41 -> 179.67742 | S40: =J40+K40+L40 -> 59 | T40: =R40-S40 -> 120.67742 | U40: =U41+N40 -> 59.293548 | V40: =V41+O40 -> 13 | W40: =U40-V40 -> 46.293548 | X40: =X41+R40 -> 359.35484 | Y40: =Y41+S40 -> 116 | Z40: =X40-Y40 -> 243.35484 | AA40: =COS(ATAN(M40/S40)) -> 0.68355565
B41: 1 | C41: =C42+20 -> 155013 | D41: =D42+30 -> 1436786 | E41: =E42+7 -> 294514 | F41: =C41+D41+E41 -> 1886313 | G41: =(C42+D42+E42)+((S42/24)*3) -> 1886256 | H41: =G41+((K41/12)*1.5) -> 1886259.8 | I41: =I42+62 -> 983445 | J41: =C41-C42 -> 20 | K41: =D41-D42 -> 30 | L41: =E41-E42 -> 7 | M41: =I41-I42 -> 62 | N41: =O6/31 -> 29.646774 | O41: =L41 -> 7 | P41: =N41-O41 -> 22.646774 | Q41: =H41-G41 -> 3.75 | R41: =S6/31 -> 179.67742 | S41: =J41+K41+L41 -> 57 | T41: =R41-S41 -> 122.67742 | U41: =N41 -> 29.646774 | V41: =O41 -> 7 | W41: =U41-V41 -> 22.646774 | X41: =R41 -> 179.67742 | Y41: =S41 -> 57 | Z41: =X41-Y41 -> 122.67742 | AA41: =COS(ATAN(M41/S41)) -> 0.67679926
B42: cierre mes anterior | C42: 154993 | D42: 1436756 | E42: 294507 | F42: 1886256 | G42: 1886221.4 | H42: 1886224.5 | I42: 983383 | M42: =SUM(M11:M41) -> 1459 | AA42: =AVERAGE(AA11:AA41) -> 0.79650102
Z52: Aprobado:
Z53: Ms.C. Jorge Luis García Santana
Z54: Director General
Z55: Universidad Camaguey
